areaCode,areaName,areaType,date,cumAdmissions,hospitalCases,newAdmissions
E92000001,England,nation,2022-06-21,,6002,
E92000001,England,nation,2022-06-20,,5726,
E92000001,England,nation,2022-06-19,757971,5436,942
E92000001,England,nation,2022-06-18,757029,5183,797
E92000001,England,nation,2022-06-17,756232,5037,829
E92000001,England,nation,2022-06-16,755403,5008,822
E92000001,England,nation,2022-06-15,754581,4843,842
E92000001,England,nation,2022-06-14,753739,4722,763
E92000001,England,nation,2022-06-13,752976,4602,722
E92000001,England,nation,2022-06-12,752254,4408,659
E92000001,England,nation,2022-06-11,751595,4257,583
E92000001,England,nation,2022-06-10,751012,4262,589
E92000001,England,nation,2022-06-09,750423,4082,627
E92000001,England,nation,2022-06-08,749796,4096,664
E92000001,England,nation,2022-06-07,749132,4108,577
E92000001,England,nation,2022-06-06,748555,4126,606
E92000001,England,nation,2022-06-05,747949,3965,531
E92000001,England,nation,2022-06-04,747418,3835,443
E92000001,England,nation,2022-06-03,746975,3849,404
E92000001,England,nation,2022-06-02,746571,3841,412
E92000001,England,nation,2022-06-01,746159,3800,480
E92000001,England,nation,2022-05-31,745679,4036,502
E92000001,England,nation,2022-05-30,745177,4091,465
E92000001,England,nation,2022-05-29,744712,4018,428
E92000001,England,nation,2022-05-28,744284,4013,382
E92000001,England,nation,2022-05-27,743902,4197,442
E92000001,England,nation,2022-05-26,743460,4365,421
E92000001,England,nation,2022-05-25,743039,4489,475
E92000001,England,nation,2022-05-24,742564,4639,461
E92000001,England,nation,2022-05-23,742103,5010,505
E92000001,England,nation,2022-05-22,741598,5047,463
E92000001,England,nation,2022-05-21,741135,5065,387
E92000001,England,nation,2022-05-20,740748,5187,450
E92000001,England,nation,2022-05-19,740298,5356,573
E92000001,England,nation,2022-05-18,739725,5425,626
E92000001,England,nation,2022-05-17,739099,5733,576
E92000001,England,nation,2022-05-16,738523,6024,589
E92000001,England,nation,2022-05-15,737934,6158,566
E92000001,England,nation,2022-05-14,737368,6147,553
E92000001,England,nation,2022-05-13,736815,6366,542
E92000001,England,nation,2022-05-12,736273,6602,680
E92000001,England,nation,2022-05-11,735593,7034,671
E92000001,England,nation,2022-05-10,734922,7363,726
E92000001,England,nation,2022-05-09,734196,7647,731
E92000001,England,nation,2022-05-08,733465,7715,669
E92000001,England,nation,2022-05-07,732796,7768,607
E92000001,England,nation,2022-05-06,732189,8170,721
E92000001,England,nation,2022-05-05,731468,8596,777
E92000001,England,nation,2022-05-04,730691,8950,873
E92000001,England,nation,2022-05-03,729818,9243,893
E92000001,England,nation,2022-05-02,728925,9326,828
E92000001,England,nation,2022-05-01,728097,9355,807
E92000001,England,nation,2022-04-30,727290,9499,718
E92000001,England,nation,2022-04-29,726572,9938,872
E92000001,England,nation,2022-04-28,725700,10432,936
E92000001,England,nation,2022-04-27,724764,10965,1082
E92000001,England,nation,2022-04-26,723682,11320,1100
E92000001,England,nation,2022-04-25,722582,11992,1138
E92000001,England,nation,2022-04-24,721444,12083,1077
E92000001,England,nation,2022-04-23,720367,12156,1087
E92000001,England,nation,2022-04-22,719280,12883,1184
E92000001,England,nation,2022-04-21,718096,13392,1264
E92000001,England,nation,2022-04-20,716832,14164,1322
E92000001,England,nation,2022-04-19,715510,14607,1435
E92000001,England,nation,2022-04-18,714075,14183,1506
E92000001,England,nation,2022-04-17,712569,14254,1347
E92000001,England,nation,2022-04-16,711222,14335,1288
E92000001,England,nation,2022-04-15,709934,14394,1416
E92000001,England,nation,2022-04-14,708518,14955,1662
E92000001,England,nation,2022-04-13,706856,15399,1898
E92000001,England,nation,2022-04-12,704958,16131,2003
E92000001,England,nation,2022-04-11,702955,16442,1909
E92000001,England,nation,2022-04-10,701046,16039,1792
E92000001,England,nation,2022-04-09,699254,15876,1702
E92000001,England,nation,2022-04-08,697552,16366,1751
E92000001,England,nation,2022-04-07,695801,16600,1999
E92000001,England,nation,2022-04-06,693802,16587,2176
E92000001,England,nation,2022-04-05,691626,16552,2308
E92000001,England,nation,2022-04-04,689318,16466,2164
E92000001,England,nation,2022-04-03,687154,15989,2103
E92000001,England,nation,2022-04-02,685051,15739,1826
E92000001,England,nation,2022-04-01,683225,15966,1846
E92000001,England,nation,2022-03-31,681379,15648,2124
E92000001,England,nation,2022-03-30,679255,15632,2355
E92000001,England,nation,2022-03-29,676900,15411,2219
E92000001,England,nation,2022-03-28,674681,15170,2280
E92000001,England,nation,2022-03-27,672401,14465,2037
E92000001,England,nation,2022-03-26,670364,13796,1869
E92000001,England,nation,2022-03-25,668495,13842,1925
E92000001,England,nation,2022-03-24,666570,13602,2006
E92000001,England,nation,2022-03-23,664564,13248,2137
E92000001,England,nation,2022-03-22,662427,13060,2098
E92000001,England,nation,2022-03-21,660329,12753,1984
E92000001,England,nation,2022-03-20,658345,12070,1793
E92000001,England,nation,2022-03-19,656552,11638,1813
E92000001,England,nation,2022-03-18,654739,11595,1629
E92000001,England,nation,2022-03-17,653110,11346,1738
E92000001,England,nation,2022-03-16,651372,11010,1823
E92000001,England,nation,2022-03-15,649549,10877,1800
E92000001,England,nation,2022-03-14,647749,10576,1651
E92000001,England,nation,2022-03-13,646098,9908,1591
E92000001,England,nation,2022-03-12,644507,9618,1368
E92000001,England,nation,2022-03-11,643139,9369,1412
E92000001,England,nation,2022-03-10,641727,9241,1414
E92000001,England,nation,2022-03-09,640313,9163,1521
E92000001,England,nation,2022-03-08,638792,9176,1389
E92000001,England,nation,2022-03-07,637403,8923,1278
E92000001,England,nation,2022-03-06,636125,8502,1260
E92000001,England,nation,2022-03-05,634865,8400,1050
E92000001,England,nation,2022-03-04,633815,8403,1044
E92000001,England,nation,2022-03-03,632771,8210,1226
E92000001,England,nation,2022-03-02,631545,8402,1184
E92000001,England,nation,2022-03-01,630361,8486,1111
E92000001,England,nation,2022-02-28,629250,8538,1145
E92000001,England,nation,2022-02-27,628105,8305,949
E92000001,England,nation,2022-02-26,627156,8197,888
E92000001,England,nation,2022-02-25,626268,8498,841
E92000001,England,nation,2022-02-24,625427,8645,984
E92000001,England,nation,2022-02-23,624443,8868,976
E92000001,England,nation,2022-02-22,623467,8948,976
E92000001,England,nation,2022-02-21,622491,9229,1030
E92000001,England,nation,2022-02-20,621461,9058,971
E92000001,England,nation,2022-02-19,620490,9187,834
E92000001,England,nation,2022-02-18,619656,9258,900
E92000001,England,nation,2022-02-17,618756,9600,971
E92000001,England,nation,2022-02-16,617785,9804,1120
E92000001,England,nation,2022-02-15,616665,10019,1144
E92000001,England,nation,2022-02-14,615521,10273,1132
E92000001,England,nation,2022-02-13,614389,10049,1029
E92000001,England,nation,2022-02-12,613360,10010,989
E92000001,England,nation,2022-02-11,612371,10367,996
E92000001,England,nation,2022-02-10,611375,10734,1167
E92000001,England,nation,2022-02-09,610208,11071,1220
E92000001,England,nation,2022-02-08,608988,11471,1266
E92000001,England,nation,2022-02-07,607722,11710,1234
E92000001,England,nation,2022-02-06,606488,11529,1211
E92000001,England,nation,2022-02-05,605277,11604,1077
E92000001,England,nation,2022-02-04,604200,12032,1186
E92000001,England,nation,2022-02-03,603014,12423,1292
E92000001,England,nation,2022-02-02,601722,12577,1451
E92000001,England,nation,2022-02-01,600271,12896,1537
E92000001,England,nation,2022-01-31,598734,13331,1451
E92000001,England,nation,2022-01-30,597283,12992,1285
E92000001,England,nation,2022-01-29,595998,12672,1325
E92000001,England,nation,2022-01-28,594673,13462,1342
E92000001,England,nation,2022-01-27,593331,13651,1503
E92000001,England,nation,2022-01-26,591828,13948,1689
E92000001,England,nation,2022-01-25,590139,14088,1681
E92000001,England,nation,2022-01-24,588458,14563,1593
E92000001,England,nation,2022-01-23,586865,14334,1535
E92000001,England,nation,2022-01-22,585330,14320,1277
E92000001,England,nation,2022-01-21,584053,14865,1453
E92000001,England,nation,2022-01-20,582600,15302,1698
E92000001,England,nation,2022-01-19,580902,15742,1778
E92000001,England,nation,2022-01-18,579124,16218,1794
E92000001,England,nation,2022-01-17,577330,16621,1808
E92000001,England,nation,2022-01-16,575522,16372,1768
E92000001,England,nation,2022-01-15,573754,16281,1604
E92000001,England,nation,2022-01-14,572150,16537,1692
E92000001,England,nation,2022-01-13,570458,16716,1916
E92000001,England,nation,2022-01-12,568542,16881,1955
E92000001,England,nation,2022-01-11,566587,16939,2127
E92000001,England,nation,2022-01-10,564460,17120,2180
E92000001,England,nation,2022-01-09,562280,16399,1975
E92000001,England,nation,2022-01-08,560305,16034,1862
E92000001,England,nation,2022-01-07,558443,16163,1772
E92000001,England,nation,2022-01-06,556671,16058,2043
E92000001,England,nation,2022-01-05,554628,15659,2139
E92000001,England,nation,2022-01-04,552489,15044,2101
E92000001,England,nation,2022-01-03,550388,14210,2219
E92000001,England,nation,2022-01-02,548169,13151,1881
E92000001,England,nation,2022-01-01,546288,12615,1819
E92000001,England,nation,2021-12-31,544469,12395,1781
E92000001,England,nation,2021-12-30,542688,11452,2114
E92000001,England,nation,2021-12-29,540574,10462,2370
E92000001,England,nation,2021-12-28,538204,9546,2082
E92000001,England,nation,2021-12-27,536122,8474,1751
E92000001,England,nation,2021-12-26,534371,7536,1374
E92000001,England,nation,2021-12-25,532997,7166,1281
E92000001,England,nation,2021-12-24,531716,7366,1020
E92000001,England,nation,2021-12-23,530696,7114,1252
E92000001,England,nation,2021-12-22,529444,7080,1246
E92000001,England,nation,2021-12-21,528198,6902,1098
E92000001,England,nation,2021-12-20,527100,6688,1061
E92000001,England,nation,2021-12-19,526039,6434,926
E92000001,England,nation,2021-12-18,525113,6287,735
E92000001,England,nation,2021-12-17,524378,6321,743
E92000001,England,nation,2021-12-16,523635,6405,777
E92000001,England,nation,2021-12-15,522858,6358,805
E92000001,England,nation,2021-12-14,522053,6434,815
E92000001,England,nation,2021-12-13,521238,6395,794
E92000001,England,nation,2021-12-12,520444,6223,772
E92000001,England,nation,2021-12-11,519672,6095,696
E92000001,England,nation,2021-12-10,518976,6088,707
E92000001,England,nation,2021-12-09,518269,6130,799
E92000001,England,nation,2021-12-08,517470,6053,754
E92000001,England,nation,2021-12-07,516716,6027,799
E92000001,England,nation,2021-12-06,515917,5992,736
E92000001,England,nation,2021-12-05,515181,5903,728
E92000001,England,nation,2021-12-04,514453,5784,635
E92000001,England,nation,2021-12-03,513818,5851,624
E92000001,England,nation,2021-12-02,513194,5915,719
E92000001,England,nation,2021-12-01,512475,5829,698
E92000001,England,nation,2021-11-30,511777,6123,699
E92000001,England,nation,2021-11-29,511078,6094,669
E92000001,England,nation,2021-11-28,510409,5890,607
E92000001,England,nation,2021-11-27,509802,5852,609
E92000001,England,nation,2021-11-26,509193,5992,620
E92000001,England,nation,2021-11-25,508573,6068,650
E92000001,England,nation,2021-11-24,507923,6062,752
E92000001,England,nation,2021-11-23,507171,6257,659
E92000001,England,nation,2021-11-22,506512,6424,602
E92000001,England,nation,2021-11-21,505910,6322,648
E92000001,England,nation,2021-11-20,505262,6191,611
E92000001,England,nation,2021-11-19,504651,6310,637
E92000001,England,nation,2021-11-18,504014,6336,697
E92000001,England,nation,2021-11-17,503317,6412,727
E92000001,England,nation,2021-11-16,502590,6623,713
E92000001,England,nation,2021-11-15,501877,6864,695
E92000001,England,nation,2021-11-14,501182,6707,678
E92000001,England,nation,2021-11-13,500504,6639,655
E92000001,England,nation,2021-11-12,499849,6777,729
E92000001,England,nation,2021-11-11,499120,6861,797
E92000001,England,nation,2021-11-10,498323,6961,821
E92000001,England,nation,2021-11-09,497502,7053,808
E92000001,England,nation,2021-11-08,496694,7075,850
E92000001,England,nation,2021-11-07,495844,6910,739
E92000001,England,nation,2021-11-06,495105,6874,688
E92000001,England,nation,2021-11-05,494417,7072,686
E92000001,England,nation,2021-11-04,493731,7201,717
E92000001,England,nation,2021-11-03,493014,7291,807
E92000001,England,nation,2021-11-02,492207,7510,891
E92000001,England,nation,2021-11-01,491316,7535,899
E92000001,England,nation,2021-10-31,490417,7311,860
E92000001,England,nation,2021-10-30,489557,7155,741
E92000001,England,nation,2021-10-29,488816,7113,840
E92000001,England,nation,2021-10-28,487976,7019,888
E92000001,England,nation,2021-10-27,487088,6951,955
E92000001,England,nation,2021-10-26,486133,6883,911
E92000001,England,nation,2021-10-25,485222,6801,865
E92000001,England,nation,2021-10-24,484357,6515,829
E92000001,England,nation,2021-10-23,483528,6386,756
E92000001,England,nation,2021-10-22,482772,6405,760
E92000001,England,nation,2021-10-21,482012,6366,799
E92000001,England,nation,2021-10-20,481213,6299,903
E92000001,England,nation,2021-10-19,480310,6099,894
E92000001,England,nation,2021-10-18,479416,5938,896
E92000001,England,nation,2021-10-17,478520,5623,828
E92000001,England,nation,2021-10-16,477692,5385,743
E92000001,England,nation,2021-10-15,476949,5363,752
E92000001,England,nation,2021-10-14,476197,5289,730
E92000001,England,nation,2021-10-13,475467,5246,752
E92000001,England,nation,2021-10-12,474715,5213,760
E92000001,England,nation,2021-10-11,473955,5206,685
E92000001,England,nation,2021-10-10,473270,5077,606
E92000001,England,nation,2021-10-09,472664,4921,613
E92000001,England,nation,2021-10-08,472051,4975,619
E92000001,England,nation,2021-10-07,471432,4962,634
E92000001,England,nation,2021-10-06,470798,5009,632
E92000001,England,nation,2021-10-05,470166,5006,658
E92000001,England,nation,2021-10-04,469508,4909,627
E92000001,England,nation,2021-10-03,468881,4778,577
E92000001,England,nation,2021-10-02,468304,4652,549
E92000001,England,nation,2021-10-01,467755,4799,520
E92000001,England,nation,2021-09-30,467235,4916,552
E92000001,England,nation,2021-09-29,466683,5017,625
E92000001,England,nation,2021-09-28,466058,5126,596
E92000001,England,nation,2021-09-27,465462,5121,617
E92000001,England,nation,2021-09-26,464845,4949,535
E92000001,England,nation,2021-09-25,464310,5100,520
E92000001,England,nation,2021-09-24,463790,5036,557
E92000001,England,nation,2021-09-23,463233,5214,577
E92000001,England,nation,2021-09-22,462656,5406,572
E92000001,England,nation,2021-09-21,462084,5543,602
E92000001,England,nation,2021-09-20,461482,5727,606
E92000001,England,nation,2021-09-19,460876,5695,572
E92000001,England,nation,2021-09-18,460304,5688,560
E92000001,England,nation,2021-09-17,459744,5910,540
E92000001,England,nation,2021-09-16,459204,6081,672
E92000001,England,nation,2021-09-15,458532,6306,691
E92000001,England,nation,2021-09-14,457841,6344,701
E92000001,England,nation,2021-09-13,457140,6424,688
E92000001,England,nation,2021-09-12,456452,6253,658
E92000001,England,nation,2021-09-11,455794,6206,649
E92000001,England,nation,2021-09-10,455145,6400,680
E92000001,England,nation,2021-09-09,454465,6254,790
E92000001,England,nation,2021-09-08,453675,6302,900
E92000001,England,nation,2021-09-07,452775,6244,801
E92000001,England,nation,2021-09-06,451974,6375,831
E92000001,England,nation,2021-09-05,451143,6167,691
E92000001,England,nation,2021-09-04,450452,6043,752
E92000001,England,nation,2021-09-03,449700,6195,688
E92000001,England,nation,2021-09-02,449012,6186,788
E92000001,England,nation,2021-09-01,448224,6236,835
E92000001,England,nation,2021-08-31,447389,6293,798
E92000001,England,nation,2021-08-30,446591,6002,808
E92000001,England,nation,2021-08-29,445783,5855,701
E92000001,England,nation,2021-08-28,445082,5756,688
E92000001,England,nation,2021-08-27,444394,5889,749
E92000001,England,nation,2021-08-26,443645,5893,777
E92000001,England,nation,2021-08-25,442868,5922,843
E92000001,England,nation,2021-08-24,442025,5911,818
E92000001,England,nation,2021-08-23,441207,6000,831
E92000001,England,nation,2021-08-22,440376,5749,726
E92000001,England,nation,2021-08-21,439650,5575,757
E92000001,England,nation,2021-08-20,438893,5576,733
E92000001,England,nation,2021-08-19,438160,5554,824
E92000001,England,nation,2021-08-18,437336,5514,795
E92000001,England,nation,2021-08-17,436541,5437,832
E92000001,England,nation,2021-08-16,435709,5429,776
E92000001,England,nation,2021-08-15,434933,5115,719
E92000001,England,nation,2021-08-14,434214,4973,689
E92000001,England,nation,2021-08-13,433525,5076,694
E92000001,England,nation,2021-08-12,432831,5029,758
E92000001,England,nation,2021-08-11,432073,5073,747
E92000001,England,nation,2021-08-10,431326,5096,760
E92000001,England,nation,2021-08-09,430566,5098,665
E92000001,England,nation,2021-08-08,429901,4939,651
E92000001,England,nation,2021-08-07,429250,4817,630
E92000001,England,nation,2021-08-06,428620,4879,657
E92000001,England,nation,2021-08-05,427963,4894,693
E92000001,England,nation,2021-08-04,427270,4944,747
E92000001,England,nation,2021-08-03,426523,5116,680
E92000001,England,nation,2021-08-02,425843,5309,686
E92000001,England,nation,2021-08-01,425157,5090,645
E92000001,England,nation,2021-07-31,424512,5057,593
E92000001,England,nation,2021-07-30,423919,5111,650
E92000001,England,nation,2021-07-29,423269,5056,758
E92000001,England,nation,2021-07-28,422511,5182,728
E92000001,England,nation,2021-07-27,421783,5163,816
E92000001,England,nation,2021-07-26,420967,5055,830
E92000001,England,nation,2021-07-25,420137,4725,836
E92000001,England,nation,2021-07-24,419301,4476,734
E92000001,England,nation,2021-07-23,418567,4401,725
E92000001,England,nation,2021-07-22,417842,4230,827
E92000001,England,nation,2021-07-21,417015,4063,783
E92000001,England,nation,2021-07-20,416232,3894,805
E92000001,England,nation,2021-07-19,415427,3813,752
E92000001,England,nation,2021-07-18,414675,3546,698
E92000001,England,nation,2021-07-17,413977,3442,622
E92000001,England,nation,2021-07-16,413355,3367,593
E92000001,England,nation,2021-07-15,412762,3241,658
E92000001,England,nation,2021-07-14,412104,3110,636
E92000001,England,nation,2021-07-13,411468,2970,621
E92000001,England,nation,2021-07-12,410847,2798,610
E92000001,England,nation,2021-07-11,410237,2564,502
E92000001,England,nation,2021-07-10,409735,2429,442
E92000001,England,nation,2021-07-09,409293,2352,451
E92000001,England,nation,2021-07-08,408842,2209,488
E92000001,England,nation,2021-07-07,408354,2144,461
E92000001,England,nation,2021-07-06,407893,1998,458
E92000001,England,nation,2021-07-05,407435,1888,416
E92000001,England,nation,2021-07-04,407019,1744,390
E92000001,England,nation,2021-07-03,406629,1636,323
E92000001,England,nation,2021-07-02,406306,1611,307
E92000001,England,nation,2021-07-01,405999,1560,295
E92000001,England,nation,2021-06-30,405704,1500,331
E92000001,England,nation,2021-06-29,405373,1445,283
E92000001,England,nation,2021-06-28,405090,1465,244
E92000001,England,nation,2021-06-27,404846,1331,226
E92000001,England,nation,2021-06-26,404620,1276,223
E92000001,England,nation,2021-06-25,404397,1284,206
E92000001,England,nation,2021-06-24,404191,1274,194
E92000001,England,nation,2021-06-23,403997,1255,214
E92000001,England,nation,2021-06-22,403783,1301,182
E92000001,England,nation,2021-06-21,403601,1290,181
E92000001,England,nation,2021-06-20,403420,1168,171
E92000001,England,nation,2021-06-19,403249,1143,178
E92000001,England,nation,2021-06-18,403071,1170,185
E92000001,England,nation,2021-06-17,402886,1122,202
E92000001,England,nation,2021-06-16,402684,1057,177
E92000001,England,nation,2021-06-15,402507,1030,188
E92000001,England,nation,2021-06-14,402319,993,185
E92000001,England,nation,2021-06-13,402134,947,187
E92000001,England,nation,2021-06-12,401947,915,137
E92000001,England,nation,2021-06-11,401810,884,144
E92000001,England,nation,2021-06-10,401666,906,162
E92000001,England,nation,2021-06-09,401504,876,158
E92000001,England,nation,2021-06-08,401346,879,147
E92000001,England,nation,2021-06-07,401199,860,131
E92000001,England,nation,2021-06-06,401068,807,121
E92000001,England,nation,2021-06-05,400947,782,96
E92000001,England,nation,2021-06-04,400851,805,96
E92000001,England,nation,2021-06-03,400755,779,93
E92000001,England,nation,2021-06-02,400662,801,101
E92000001,England,nation,2021-06-01,400561,776,115
E92000001,England,nation,2021-05-31,400446,773,98
E92000001,England,nation,2021-05-30,400348,755,80
E92000001,England,nation,2021-05-29,400268,748,69
E92000001,England,nation,2021-05-28,400199,743,92
E92000001,England,nation,2021-05-27,400107,742,83
E92000001,England,nation,2021-05-26,400024,745,95
E92000001,England,nation,2021-05-25,399929,765,88
E92000001,England,nation,2021-05-24,399841,797,98
E92000001,England,nation,2021-05-23,399743,756,77
E92000001,England,nation,2021-05-22,399666,730,75
E92000001,England,nation,2021-05-21,399591,766,85
E92000001,England,nation,2021-05-20,399506,749,98
E92000001,England,nation,2021-05-19,399408,757,93
E92000001,England,nation,2021-05-18,399315,749,90
E92000001,England,nation,2021-05-17,399225,798,74
E92000001,England,nation,2021-05-16,399151,801,59
E92000001,England,nation,2021-05-15,399092,810,70
E92000001,England,nation,2021-05-14,399022,818,72
E92000001,England,nation,2021-05-13,398950,845,74
E92000001,England,nation,2021-05-12,398876,907,93
E92000001,England,nation,2021-05-11,398783,921,79
E92000001,England,nation,2021-05-10,398704,944,76
E92000001,England,nation,2021-05-09,398628,933,76
E92000001,England,nation,2021-05-08,398552,948,80
E92000001,England,nation,2021-05-07,398472,973,77
E92000001,England,nation,2021-05-06,398395,976,88
E92000001,England,nation,2021-05-05,398307,1032,96
E92000001,England,nation,2021-05-04,398211,1093,76
E92000001,England,nation,2021-05-03,398135,1096,98
E92000001,England,nation,2021-05-02,398037,1082,92
E92000001,England,nation,2021-05-01,397945,1071,68
E92000001,England,nation,2021-04-30,397877,1161,82
E92000001,England,nation,2021-04-29,397795,1235,80
E92000001,England,nation,2021-04-28,397715,1278,89
E92000001,England,nation,2021-04-27,397626,1310,128
E92000001,England,nation,2021-04-26,397498,1393,108
E92000001,England,nation,2021-04-25,397390,1377,107
E92000001,England,nation,2021-04-24,397283,1401,99
E92000001,England,nation,2021-04-23,397184,1478,124
E92000001,England,nation,2021-04-22,397060,1523,92
E92000001,England,nation,2021-04-21,396968,1609,126
E92000001,England,nation,2021-04-20,396842,1649,98
E92000001,England,nation,2021-04-19,396744,1732,138
E92000001,England,nation,2021-04-18,396606,1691,112
E92000001,England,nation,2021-04-17,396494,1735,135
E92000001,England,nation,2021-04-16,396359,1844,118
E92000001,England,nation,2021-04-15,396241,1885,127
E92000001,England,nation,2021-04-14,396114,1972,156
E92000001,England,nation,2021-04-13,395958,2057,153
E92000001,England,nation,2021-04-12,395805,2108,173
E92000001,England,nation,2021-04-11,395632,2096,175
E92000001,England,nation,2021-04-10,395457,2190,151
E92000001,England,nation,2021-04-09,395306,2321,167
E92000001,England,nation,2021-04-08,395139,2382,167
E92000001,England,nation,2021-04-07,394972,2486,189
E92000001,England,nation,2021-04-06,394783,2588,183
E92000001,England,nation,2021-04-05,394600,2680,188
E92000001,England,nation,2021-04-04,394412,2672,156
E92000001,England,nation,2021-04-03,394256,2677,179
E92000001,England,nation,2021-04-02,394077,2784,178
E92000001,England,nation,2021-04-01,393899,2928,180
E92000001,England,nation,2021-03-31,393719,3084,225
E92000001,England,nation,2021-03-30,393494,3283,217
E92000001,England,nation,2021-03-29,393277,3466,206
E92000001,England,nation,2021-03-28,393071,3438,221
E92000001,England,nation,2021-03-27,392850,3676,217
E92000001,England,nation,2021-03-26,392633,3712,245
E92000001,England,nation,2021-03-25,392388,3763,288
E92000001,England,nation,2021-03-24,392100,4005,277
E92000001,England,nation,2021-03-23,391823,4245,295
E92000001,England,nation,2021-03-22,391528,4501,294
E92000001,England,nation,2021-03-21,391234,4492,279
E92000001,England,nation,2021-03-20,390955,4589,287
E92000001,England,nation,2021-03-19,390668,4841,283
E92000001,England,nation,2021-03-18,390385,5083,351
E92000001,England,nation,2021-03-17,390034,5397,343
E92000001,England,nation,2021-03-16,389691,5664,364
E92000001,England,nation,2021-03-15,389327,5976,431
E92000001,England,nation,2021-03-14,388896,6039,357
E92000001,England,nation,2021-03-13,388539,6072,385
E92000001,England,nation,2021-03-12,388154,6391,386
E92000001,England,nation,2021-03-11,387768,6687,449
E92000001,England,nation,2021-03-10,387319,6975,494
E92000001,England,nation,2021-03-09,386825,7451,483
E92000001,England,nation,2021-03-08,386342,7847,501
E92000001,England,nation,2021-03-07,385841,7812,461
E92000001,England,nation,2021-03-06,385380,8021,528
E92000001,England,nation,2021-03-05,384852,8594,487
E92000001,England,nation,2021-03-04,384365,9092,596
E92000001,England,nation,2021-03-03,383769,9594,607
E92000001,England,nation,2021-03-02,383162,10121,683
E92000001,England,nation,2021-03-01,382479,10765,704
E92000001,England,nation,2021-02-28,381775,10663,662
E92000001,England,nation,2021-02-27,381113,11090,624
E92000001,England,nation,2021-02-26,380489,11781,718
E92000001,England,nation,2021-02-25,379771,12449,832
E92000001,England,nation,2021-02-24,378939,13007,874
E92000001,England,nation,2021-02-23,378065,13511,976
E92000001,England,nation,2021-02-22,377089,14137,980
E92000001,England,nation,2021-02-21,376109,14142,1009
E92000001,England,nation,2021-02-20,375100,14316,904
E92000001,England,nation,2021-02-19,374196,15018,1068
E92000001,England,nation,2021-02-18,373128,15633,1149
E92000001,England,nation,2021-02-17,371979,16458,1233
E92000001,England,nation,2021-02-16,370746,17093,1311
E92000001,England,nation,2021-02-15,369435,17730,1322
E92000001,England,nation,2021-02-14,368113,17787,1364
E92000001,England,nation,2021-02-13,366749,17694,1240
E92000001,England,nation,2021-02-12,365509,19009,1318
E92000001,England,nation,2021-02-11,364191,19983,1440
E92000001,England,nation,2021-02-10,362751,20926,1535
E92000001,England,nation,2021-02-09,361216,22067,1531
E92000001,England,nation,2021-02-08,359685,23020,1739
E92000001,England,nation,2021-02-07,357946,22991,1675
E92000001,England,nation,2021-02-06,356271,23042,1679
E92000001,England,nation,2021-02-05,354592,24402,1757
E92000001,England,nation,2021-02-04,352835,25334,1907
E92000001,England,nation,2021-02-03,350928,26374,2096
E92000001,England,nation,2021-02-02,348832,27397,2222
E92000001,England,nation,2021-02-01,346610,28539,2347
E92000001,England,nation,2021-01-31,344263,28112,2183
E92000001,England,nation,2021-01-30,342080,28571,2193
E92000001,England,nation,2021-01-29,339887,29359,2379
E92000001,England,nation,2021-01-28,337508,30333,2719
E92000001,England,nation,2021-01-27,334789,30846,2742
E92000001,England,nation,2021-01-26,332047,32337,2799
E92000001,England,nation,2021-01-25,329248,32938,2648
E92000001,England,nation,2021-01-24,326600,32907,2824
E92000001,England,nation,2021-01-23,323776,32614,2780
E92000001,England,nation,2021-01-22,320996,33412,3016
E92000001,England,nation,2021-01-21,317980,33235,3237
E92000001,England,nation,2021-01-20,314743,33886,3679
E92000001,England,nation,2021-01-19,311064,34015,3768
E92000001,England,nation,2021-01-18,307296,34336,3711
E92000001,England,nation,2021-01-17,303585,33352,3424
E92000001,England,nation,2021-01-16,300161,32923,3569
E92000001,England,nation,2021-01-15,296592,33362,3295
E92000001,England,nation,2021-01-14,293297,32925,3678
E92000001,England,nation,2021-01-13,289619,32689,3840
E92000001,England,nation,2021-01-12,285779,32202,4134
E92000001,England,nation,2021-01-11,281645,32070,3894
E92000001,England,nation,2021-01-10,277751,30758,3571
E92000001,England,nation,2021-01-09,274180,29462,3718
E92000001,England,nation,2021-01-08,270462,29346,3549
E92000001,England,nation,2021-01-07,266913,28246,3849
E92000001,England,nation,2021-01-06,263064,27727,3967
E92000001,England,nation,2021-01-05,259097,26467,3697
E92000001,England,nation,2021-01-04,255400,26626,3587
E92000001,England,nation,2021-01-03,251813,24957,3351
E92000001,England,nation,2021-01-02,248462,23557,3145
E92000001,England,nation,2021-01-01,245317,22534,3010
E92000001,England,nation,2020-12-31,242307,22728,2536
E92000001,England,nation,2020-12-30,239771,22713,2861
E92000001,England,nation,2020-12-29,236910,21787,2886
E92000001,England,nation,2020-12-28,234024,20426,2795
E92000001,England,nation,2020-12-27,231229,19277,2572
E92000001,England,nation,2020-12-26,228657,18350,2298
E92000001,England,nation,2020-12-25,226359,17701,1952
E92000001,England,nation,2020-12-24,224407,18227,1795
E92000001,England,nation,2020-12-23,222612,17834,1980
E92000001,England,nation,2020-12-22,220632,18063,2203
E92000001,England,nation,2020-12-21,218429,17709,2115
E92000001,England,nation,2020-12-20,216314,16633,1976
E92000001,England,nation,2020-12-19,214338,16183,1812
E92000001,England,nation,2020-12-18,212526,15866,1672
E92000001,England,nation,2020-12-17,210854,15741,1873
E92000001,England,nation,2020-12-16,208981,15465,1796
E92000001,England,nation,2020-12-15,207185,15031,1730
E92000001,England,nation,2020-12-14,205455,15053,1746
E92000001,England,nation,2020-12-13,203709,14460,1581
E92000001,England,nation,2020-12-12,202128,13927,1587
E92000001,England,nation,2020-12-11,200541,13901,1450
E92000001,England,nation,2020-12-10,199091,13796,1524
E92000001,England,nation,2020-12-09,197567,13467,1550
E92000001,England,nation,2020-12-08,196017,13629,1528
E92000001,England,nation,2020-12-07,194489,13616,1466
E92000001,England,nation,2020-12-06,193023,13189,1311
E92000001,England,nation,2020-12-05,191712,12968,1186
E92000001,England,nation,2020-12-04,190526,12987,1248
E92000001,England,nation,2020-12-03,189278,12896,1337
E92000001,England,nation,2020-12-02,187941,13212,1262
E92000001,England,nation,2020-12-01,186679,13507,1271
E92000001,England,nation,2020-11-30,185408,13756,1216
E92000001,England,nation,2020-11-29,184192,13521,1215
E92000001,England,nation,2020-11-28,182977,13208,1065
E92000001,England,nation,2020-11-27,181912,13754,1055
E92000001,England,nation,2020-11-26,180857,13908,1198
E92000001,England,nation,2020-11-25,179659,14240,1415
E92000001,England,nation,2020-11-24,178244,14506,1277
E92000001,England,nation,2020-11-23,176967,14712,1385
E92000001,England,nation,2020-11-22,175582,14354,1333
E92000001,England,nation,2020-11-21,174249,14118,1255
E92000001,England,nation,2020-11-20,172994,14236,1316
E92000001,England,nation,2020-11-19,171678,14479,1484
E92000001,England,nation,2020-11-18,170194,14490,1571
E92000001,England,nation,2020-11-17,168623,14411,1491
E92000001,England,nation,2020-11-16,167132,14313,1560
E92000001,England,nation,2020-11-15,165572,13886,1467
E92000001,England,nation,2020-11-14,164105,13399,1388
E92000001,England,nation,2020-11-13,162717,13328,1433
E92000001,England,nation,2020-11-12,161284,12967,1666
E92000001,England,nation,2020-11-11,159618,12730,1711
E92000001,England,nation,2020-11-10,157907,12033,1592
E92000001,England,nation,2020-11-09,156315,12259,1551
E92000001,England,nation,2020-11-08,154764,11680,1488
E92000001,England,nation,2020-11-07,153276,11514,1319
E92000001,England,nation,2020-11-06,151957,11181,1182
E92000001,England,nation,2020-11-05,150775,10994,1346
E92000001,England,nation,2020-11-04,149429,11037,1382
E92000001,England,nation,2020-11-03,148047,10971,1246
E92000001,England,nation,2020-11-02,146801,10397,1331
E92000001,England,nation,2020-11-01,145470,9623,1280
E92000001,England,nation,2020-10-31,144190,9782,1240
E92000001,England,nation,2020-10-30,142950,9295,1109
E92000001,England,nation,2020-10-29,141841,9127,1345
E92000001,England,nation,2020-10-28,140496,9070,1239
E92000001,England,nation,2020-10-27,139257,8595,1190
E92000001,England,nation,2020-10-26,138067,7856,1279
E92000001,England,nation,2020-10-25,136788,7612,1186
E92000001,England,nation,2020-10-24,135602,7176,990
E92000001,England,nation,2020-10-23,134612,6842,997
E92000001,England,nation,2020-10-22,133615,6345,987
E92000001,England,nation,2020-10-21,132628,6271,997
E92000001,England,nation,2020-10-20,131631,6072,925
E92000001,England,nation,2020-10-19,130706,5644,861
E92000001,England,nation,2020-10-18,129845,5202,870
E92000001,England,nation,2020-10-17,128975,5029,785
E92000001,England,nation,2020-10-16,128190,4854,632
E92000001,England,nation,2020-10-15,127558,4569,792
E92000001,England,nation,2020-10-14,126766,4313,706
E92000001,England,nation,2020-10-13,126060,4105,764
E92000001,England,nation,2020-10-12,125296,3827,664
E92000001,England,nation,2020-10-11,124632,3604,628
E92000001,England,nation,2020-10-10,124004,3369,515
E92000001,England,nation,2020-10-09,123489,3238,544
E92000001,England,nation,2020-10-08,122945,3179,513
E92000001,England,nation,2020-10-07,122432,3066,491
E92000001,England,nation,2020-10-06,121941,2903,524
E92000001,England,nation,2020-10-05,121417,2705,472
E92000001,England,nation,2020-10-04,120945,2435,478
E92000001,England,nation,2020-10-03,120467,2290,386
E92000001,England,nation,2020-10-02,120081,2180,371
E92000001,England,nation,2020-10-01,119710,2069,368
E92000001,England,nation,2020-09-30,119342,2036,328
E92000001,England,nation,2020-09-29,119014,1954,310
E92000001,England,nation,2020-09-28,118704,1955,308
E92000001,England,nation,2020-09-27,118396,1793,241
E92000001,England,nation,2020-09-26,118155,1689,245
E92000001,England,nation,2020-09-25,117910,1686,274
E92000001,England,nation,2020-09-24,117636,1546,288
E92000001,England,nation,2020-09-23,117348,1439,314
E92000001,England,nation,2020-09-22,117034,1378,268
E92000001,England,nation,2020-09-21,116766,1299,275
E92000001,England,nation,2020-09-20,116491,1174,237
E92000001,England,nation,2020-09-19,116254,1081,204
E92000001,England,nation,2020-09-18,116050,1020,205
E92000001,England,nation,2020-09-17,115845,984,199
E92000001,England,nation,2020-09-16,115646,929,183
E92000001,England,nation,2020-09-15,115463,891,194
E92000001,England,nation,2020-09-14,115269,812,172
E92000001,England,nation,2020-09-13,115097,691,153
E92000001,England,nation,2020-09-12,114944,663,143
E92000001,England,nation,2020-09-11,114801,622,135
E92000001,England,nation,2020-09-10,114666,572,143
E92000001,England,nation,2020-09-09,114523,557,136
E92000001,England,nation,2020-09-08,114387,535,99
E92000001,England,nation,2020-09-07,114288,555,84
E92000001,England,nation,2020-09-06,114204,483,85
E92000001,England,nation,2020-09-05,114119,471,94
E92000001,England,nation,2020-09-04,114025,474,67
E92000001,England,nation,2020-09-03,113958,468,69
E92000001,England,nation,2020-09-02,113889,451,79
E92000001,England,nation,2020-09-01,113810,496,58
E92000001,England,nation,2020-08-31,113752,495,52
E92000001,England,nation,2020-08-30,113700,479,38
E92000001,England,nation,2020-08-29,113662,478,52
E92000001,England,nation,2020-08-28,113610,469,44
E92000001,England,nation,2020-08-27,113566,492,69
E92000001,England,nation,2020-08-26,113497,485,52
E92000001,England,nation,2020-08-25,113445,500,60
E92000001,England,nation,2020-08-24,113385,522,41
E92000001,England,nation,2020-08-23,113344,522,44
E92000001,England,nation,2020-08-22,113300,594,25
E92000001,England,nation,2020-08-21,113275,528,49
E92000001,England,nation,2020-08-20,113226,551,45
E92000001,England,nation,2020-08-19,113181,571,58
E92000001,England,nation,2020-08-18,113123,597,56
E92000001,England,nation,2020-08-17,113067,626,46
E92000001,England,nation,2020-08-16,113021,634,39
E92000001,England,nation,2020-08-15,112982,630,38
E92000001,England,nation,2020-08-14,112944,642,55
E92000001,England,nation,2020-08-13,112889,652,60
E92000001,England,nation,2020-08-12,112829,642,51
E92000001,England,nation,2020-08-11,112778,672,63
E92000001,England,nation,2020-08-10,112715,714,50
E92000001,England,nation,2020-08-09,112665,611,53
E92000001,England,nation,2020-08-08,112612,650,78
E92000001,England,nation,2020-08-07,112534,711,60
E92000001,England,nation,2020-08-06,112474,756,52
E92000001,England,nation,2020-08-05,112422,805,60
E92000001,England,nation,2020-08-04,112362,807,58
E92000001,England,nation,2020-08-03,112304,842,74
E92000001,England,nation,2020-08-02,112230,847,57
E92000001,England,nation,2020-08-01,112173,879,50
E92000001,England,nation,2020-07-31,112123,870,55
E92000001,England,nation,2020-07-30,112068,898,75
E92000001,England,nation,2020-07-29,111993,927,63
E92000001,England,nation,2020-07-28,111930,944,69
E92000001,England,nation,2020-07-27,111861,945,82
E92000001,England,nation,2020-07-26,111779,965,64
E92000001,England,nation,2020-07-25,111715,977,65
E92000001,England,nation,2020-07-24,111650,1018,93
E92000001,England,nation,2020-07-23,111557,1095,109
E92000001,England,nation,2020-07-22,111448,1305,82
E92000001,England,nation,2020-07-21,111366,1188,79
E92000001,England,nation,2020-07-20,111287,1278,86
E92000001,England,nation,2020-07-19,111201,1301,72
E92000001,England,nation,2020-07-18,111129,1321,48
E92000001,England,nation,2020-07-17,111081,1346,83
E92000001,England,nation,2020-07-16,110998,1348,114
E92000001,England,nation,2020-07-15,110884,1489,116
E92000001,England,nation,2020-07-14,110768,1506,122
E92000001,England,nation,2020-07-13,110646,1612,137
E92000001,England,nation,2020-07-12,110509,1611,72
E92000001,England,nation,2020-07-11,110437,1640,97
E92000001,England,nation,2020-07-10,110340,1746,104
E92000001,England,nation,2020-07-09,110236,1801,136
E92000001,England,nation,2020-07-08,110100,1888,141
E92000001,England,nation,2020-07-07,109959,2010,148
E92000001,England,nation,2020-07-06,109811,2099,150
E92000001,England,nation,2020-07-05,109661,2100,131
E92000001,England,nation,2020-07-04,109530,2152,120
E92000001,England,nation,2020-07-03,109410,2294,146
E92000001,England,nation,2020-07-02,109264,2410,149
E92000001,England,nation,2020-07-01,109115,2509,201
E92000001,England,nation,2020-06-30,108914,2665,189
E92000001,England,nation,2020-06-29,108725,3024,172
E92000001,England,nation,2020-06-28,108553,2818,155
E92000001,England,nation,2020-06-27,108398,2819,209
E92000001,England,nation,2020-06-26,108189,2859,248
E92000001,England,nation,2020-06-25,107941,3066,256
E92000001,England,nation,2020-06-24,107685,3223,262
E92000001,England,nation,2020-06-23,107423,3288,275
E92000001,England,nation,2020-06-22,107148,3417,318
E92000001,England,nation,2020-06-21,106830,3373,215
E92000001,England,nation,2020-06-20,106615,3423,184
E92000001,England,nation,2020-06-19,106431,3575,253
E92000001,England,nation,2020-06-18,106178,3681,312
E92000001,England,nation,2020-06-17,105866,3826,334
E92000001,England,nation,2020-06-16,105532,3934,354
E92000001,England,nation,2020-06-15,105178,3920,365
E92000001,England,nation,2020-06-14,104813,3973,306
E92000001,England,nation,2020-06-13,104507,4000,265
E92000001,England,nation,2020-06-12,104242,4136,298
E92000001,England,nation,2020-06-11,103944,4179,330
E92000001,England,nation,2020-06-10,103614,4447,402
E92000001,England,nation,2020-06-09,103212,4665,397
E92000001,England,nation,2020-06-08,102815,4830,348
E92000001,England,nation,2020-06-07,102467,4820,323
E92000001,England,nation,2020-06-06,102144,5004,306
E92000001,England,nation,2020-06-05,101838,5213,380
E92000001,England,nation,2020-06-04,101458,5398,458
E92000001,England,nation,2020-06-03,101000,5600,491
E92000001,England,nation,2020-06-02,100509,5827,553
E92000001,England,nation,2020-06-01,99956,5954,522
E92000001,England,nation,2020-05-31,99434,5933,446
E92000001,England,nation,2020-05-30,98988,5972,466
E92000001,England,nation,2020-05-29,98522,6250,499
E92000001,England,nation,2020-05-28,98023,6528,570
E92000001,England,nation,2020-05-27,97453,6836,589
E92000001,England,nation,2020-05-26,96864,7305,578
E92000001,England,nation,2020-05-25,96286,7448,498
E92000001,England,nation,2020-05-24,95788,7415,497
E92000001,England,nation,2020-05-23,95291,7428,504
E92000001,England,nation,2020-05-22,94787,7761,638
E92000001,England,nation,2020-05-21,94149,7903,715
E92000001,England,nation,2020-05-20,93434,8115,732
E92000001,England,nation,2020-05-19,92702,8518,752
E92000001,England,nation,2020-05-18,91950,8668,733
E92000001,England,nation,2020-05-17,91217,8611,673
E92000001,England,nation,2020-05-16,90544,8643,671
E92000001,England,nation,2020-05-15,89873,9079,738
E92000001,England,nation,2020-05-14,89135,9231,763
E92000001,England,nation,2020-05-13,88372,9602,804
E92000001,England,nation,2020-05-12,87568,9791,844
E92000001,England,nation,2020-05-11,86724,10109,866
E92000001,England,nation,2020-05-10,85858,9893,756
E92000001,England,nation,2020-05-09,85102,10176,798
E92000001,England,nation,2020-05-08,84304,10249,743
E92000001,England,nation,2020-05-07,83561,10726,998
E92000001,England,nation,2020-05-06,82563,11227,1040
E92000001,England,nation,2020-05-05,81523,11754,959
E92000001,England,nation,2020-05-04,80564,12020,1063
E92000001,England,nation,2020-05-03,79501,12119,1044
E92000001,England,nation,2020-05-02,78457,12314,980
E92000001,England,nation,2020-05-01,77477,12623,1081
E92000001,England,nation,2020-04-30,76396,12922,1227
E92000001,England,nation,2020-04-29,75169,13224,1295
E92000001,England,nation,2020-04-28,73874,13565,1296
E92000001,England,nation,2020-04-27,72578,14255,1344
E92000001,England,nation,2020-04-26,71234,14174,1208
E92000001,England,nation,2020-04-25,70026,14202,1080
E92000001,England,nation,2020-04-24,68946,14642,1277
E92000001,England,nation,2020-04-23,67669,15402,1289
E92000001,England,nation,2020-04-22,66380,16018,1310
E92000001,England,nation,2020-04-21,65070,16517,1495
E92000001,England,nation,2020-04-20,63575,16654,1522
E92000001,England,nation,2020-04-19,62053,16928,1475
E92000001,England,nation,2020-04-18,60578,16850,1411
E92000001,England,nation,2020-04-17,59167,16728,1674
E92000001,England,nation,2020-04-16,57493,17783,1777
E92000001,England,nation,2020-04-15,55716,17934,1608
E92000001,England,nation,2020-04-14,54108,18552,1859
E92000001,England,nation,2020-04-13,52249,18621,1912
E92000001,England,nation,2020-04-12,50337,18974,1791
E92000001,England,nation,2020-04-11,48546,18604,1955
E92000001,England,nation,2020-04-10,46591,18669,2196
E92000001,England,nation,2020-04-09,44395,18423,2340
E92000001,England,nation,2020-04-08,42055,18152,2619
E92000001,England,nation,2020-04-07,39436,17814,2744
E92000001,England,nation,2020-04-06,36692,17154,2679
E92000001,England,nation,2020-04-05,34013,16657,2592
E92000001,England,nation,2020-04-04,31421,15469,2593
E92000001,England,nation,2020-04-03,28828,13635,2564
E92000001,England,nation,2020-04-02,26264,12135,2932
E92000001,England,nation,2020-04-01,23332,12059,3099
E92000001,England,nation,2020-03-31,20233,11154,2447
E92000001,England,nation,2020-03-30,17786,9852,2817
E92000001,England,nation,2020-03-29,14969,8424,2186
E92000001,England,nation,2020-03-28,12783,7269,1873
E92000001,England,nation,2020-03-27,10910,6462,1931
E92000001,England,nation,2020-03-26,8979,5226,1639
E92000001,England,nation,2020-03-25,7340,4402,1755
E92000001,England,nation,2020-03-24,5585,3598,1544
E92000001,England,nation,2020-03-23,4041,3183,1128
E92000001,England,nation,2020-03-22,2913,2670,859
E92000001,England,nation,2020-03-21,2054,2152,777
E92000001,England,nation,2020-03-20,1277,1580,691
E92000001,England,nation,2020-03-19,586,,586
