areaCode,areaName,areaType,date,newCasesBySpecimenDate,newDeaths28DaysByDeathDate,newDeaths28DaysByPublishDate
S92000003,Scotland,nation,2022-06-12,1177,,
S92000003,Scotland,nation,2022-06-11,1411,,
S92000003,Scotland,nation,2022-06-10,1513,,
S92000003,Scotland,nation,2022-06-09,1663,,
S92000003,Scotland,nation,2022-06-08,1741,,
S92000003,Scotland,nation,2022-06-07,1841,,
S92000003,Scotland,nation,2022-06-06,1867,,
S92000003,Scotland,nation,2022-06-05,1425,,
S92000003,Scotland,nation,2022-06-04,1176,,
S92000003,Scotland,nation,2022-06-03,1004,,
S92000003,Scotland,nation,2022-06-02,1101,,28
S92000003,Scotland,nation,2022-06-01,1248,0,0
S92000003,Scotland,nation,2022-05-31,1332,0,0
S92000003,Scotland,nation,2022-05-30,1152,5,17
S92000003,Scotland,nation,2022-05-29,958,1,0
S92000003,Scotland,nation,2022-05-28,808,1,0
S92000003,Scotland,nation,2022-05-27,867,5,0
S92000003,Scotland,nation,2022-05-26,898,3,25
S92000003,Scotland,nation,2022-05-25,1048,5,0
S92000003,Scotland,nation,2022-05-24,1032,7,0
S92000003,Scotland,nation,2022-05-23,1013,7,21
S92000003,Scotland,nation,2022-05-22,816,5,0
S92000003,Scotland,nation,2022-05-21,746,3,0
S92000003,Scotland,nation,2022-05-20,746,8,0
S92000003,Scotland,nation,2022-05-19,799,10,42
S92000003,Scotland,nation,2022-05-18,909,5,0
S92000003,Scotland,nation,2022-05-17,1062,4,0
S92000003,Scotland,nation,2022-05-16,1110,12,24
S92000003,Scotland,nation,2022-05-15,922,4,0
S92000003,Scotland,nation,2022-05-14,739,9,0
S92000003,Scotland,nation,2022-05-13,867,4,0
S92000003,Scotland,nation,2022-05-12,982,13,53
S92000003,Scotland,nation,2022-05-11,1093,11,0
S92000003,Scotland,nation,2022-05-10,1169,7,0
S92000003,Scotland,nation,2022-05-09,1355,5,22
S92000003,Scotland,nation,2022-05-08,1018,4,0
S92000003,Scotland,nation,2022-05-07,840,11,0
S92000003,Scotland,nation,2022-05-06,1046,8,18
S92000003,Scotland,nation,2022-05-05,1210,16,31
S92000003,Scotland,nation,2022-05-04,1422,8,20
S92000003,Scotland,nation,2022-05-03,1632,15,30
S92000003,Scotland,nation,2022-05-02,1176,15,0
S92000003,Scotland,nation,2022-05-01,995,14,0
S92000003,Scotland,nation,2022-04-30,1214,11,0
S92000003,Scotland,nation,2022-04-29,1647,18,23
S92000003,Scotland,nation,2022-04-28,2116,10,29
S92000003,Scotland,nation,2022-04-27,2453,19,27
S92000003,Scotland,nation,2022-04-26,2745,19,24
S92000003,Scotland,nation,2022-04-25,3102,11,31
S92000003,Scotland,nation,2022-04-24,2300,10,0
S92000003,Scotland,nation,2022-04-23,2139,20,0
S92000003,Scotland,nation,2022-04-22,2548,15,28
S92000003,Scotland,nation,2022-04-21,3185,17,36
S92000003,Scotland,nation,2022-04-20,3636,20,45
S92000003,Scotland,nation,2022-04-19,4243,16,41
S92000003,Scotland,nation,2022-04-18,3880,18,0
S92000003,Scotland,nation,2022-04-17,3301,18,0
S92000003,Scotland,nation,2022-04-16,3222,20,0
S92000003,Scotland,nation,2022-04-15,3631,22,0
S92000003,Scotland,nation,2022-04-14,4320,24,40
S92000003,Scotland,nation,2022-04-13,5135,22,28
S92000003,Scotland,nation,2022-04-12,5304,16,31
S92000003,Scotland,nation,2022-04-11,5544,17,25
S92000003,Scotland,nation,2022-04-10,4388,25,0
S92000003,Scotland,nation,2022-04-09,4086,12,0
S92000003,Scotland,nation,2022-04-08,4602,25,35
S92000003,Scotland,nation,2022-04-07,5671,26,33
S92000003,Scotland,nation,2022-04-06,6420,21,31
S92000003,Scotland,nation,2022-04-05,7012,32,44
S92000003,Scotland,nation,2022-04-04,6791,28,38
S92000003,Scotland,nation,2022-04-03,5319,25,0
S92000003,Scotland,nation,2022-04-02,4854,17,0
S92000003,Scotland,nation,2022-04-01,5611,30,41
S92000003,Scotland,nation,2022-03-31,6770,25,35
S92000003,Scotland,nation,2022-03-30,8144,20,34
S92000003,Scotland,nation,2022-03-29,9750,30,39
S92000003,Scotland,nation,2022-03-28,10260,29,33
S92000003,Scotland,nation,2022-03-27,7824,26,0
S92000003,Scotland,nation,2022-03-26,7216,21,0
S92000003,Scotland,nation,2022-03-25,8814,27,41
S92000003,Scotland,nation,2022-03-24,10379,31,50
S92000003,Scotland,nation,2022-03-23,11769,31,39
S92000003,Scotland,nation,2022-03-22,12340,30,37
S92000003,Scotland,nation,2022-03-21,13644,30,28
S92000003,Scotland,nation,2022-03-20,10509,33,0
S92000003,Scotland,nation,2022-03-19,9158,38,0
S92000003,Scotland,nation,2022-03-18,9866,35,23
S92000003,Scotland,nation,2022-03-17,11421,22,28
S92000003,Scotland,nation,2022-03-16,13457,26,31
S92000003,Scotland,nation,2022-03-15,14803,16,25
S92000003,Scotland,nation,2022-03-14,15278,15,0
S92000003,Scotland,nation,2022-03-13,12133,20,0
S92000003,Scotland,nation,2022-03-12,10080,15,0
S92000003,Scotland,nation,2022-03-11,11413,16,22
S92000003,Scotland,nation,2022-03-10,12498,23,41
S92000003,Scotland,nation,2022-03-09,13938,13,18
S92000003,Scotland,nation,2022-03-08,13585,14,19
S92000003,Scotland,nation,2022-03-07,13337,24,21
S92000003,Scotland,nation,2022-03-06,10047,19,0
S92000003,Scotland,nation,2022-03-05,7707,12,0
S92000003,Scotland,nation,2022-03-04,8105,17,24
S92000003,Scotland,nation,2022-03-03,9019,14,36
S92000003,Scotland,nation,2022-03-02,9364,24,20
S92000003,Scotland,nation,2022-03-01,9450,19,21
S92000003,Scotland,nation,2022-02-28,9264,14,16
S92000003,Scotland,nation,2022-02-27,6516,20,0
S92000003,Scotland,nation,2022-02-26,5384,13,0
S92000003,Scotland,nation,2022-02-25,5977,11,11
S92000003,Scotland,nation,2022-02-24,6153,18,16
S92000003,Scotland,nation,2022-02-23,7239,20,15
S92000003,Scotland,nation,2022-02-22,7667,15,18
S92000003,Scotland,nation,2022-02-21,8145,17,0
S92000003,Scotland,nation,2022-02-20,6314,11,0
S92000003,Scotland,nation,2022-02-19,5482,8,14
S92000003,Scotland,nation,2022-02-18,5943,15,16
S92000003,Scotland,nation,2022-02-17,7248,12,22
S92000003,Scotland,nation,2022-02-16,7944,10,16
S92000003,Scotland,nation,2022-02-15,8216,13,16
S92000003,Scotland,nation,2022-02-14,7805,13,0
S92000003,Scotland,nation,2022-02-13,6064,10,0
S92000003,Scotland,nation,2022-02-12,5412,11,16
S92000003,Scotland,nation,2022-02-11,6107,6,11
S92000003,Scotland,nation,2022-02-10,6768,12,24
S92000003,Scotland,nation,2022-02-09,8217,10,15
S92000003,Scotland,nation,2022-02-08,8566,11,14
S92000003,Scotland,nation,2022-02-07,7783,9,0
S92000003,Scotland,nation,2022-02-06,6064,10,2
S92000003,Scotland,nation,2022-02-05,5287,16,24
S92000003,Scotland,nation,2022-02-04,5972,6,17
S92000003,Scotland,nation,2022-02-03,7179,17,31
S92000003,Scotland,nation,2022-02-02,7973,11,18
S92000003,Scotland,nation,2022-02-01,8412,22,30
S92000003,Scotland,nation,2022-01-31,8929,14,0
S92000003,Scotland,nation,2022-01-30,6958,15,2
S92000003,Scotland,nation,2022-01-29,5492,16,18
S92000003,Scotland,nation,2022-01-28,6597,22,16
S92000003,Scotland,nation,2022-01-27,7109,21,20
S92000003,Scotland,nation,2022-01-26,8184,14,33
S92000003,Scotland,nation,2022-01-25,8454,19,23
S92000003,Scotland,nation,2022-01-24,9491,18,0
S92000003,Scotland,nation,2022-01-23,7360,21,4
S92000003,Scotland,nation,2022-01-22,6117,14,30
S92000003,Scotland,nation,2022-01-21,6659,23,16
S92000003,Scotland,nation,2022-01-20,7088,19,27
S92000003,Scotland,nation,2022-01-19,7904,25,29
S92000003,Scotland,nation,2022-01-18,8548,18,31
S92000003,Scotland,nation,2022-01-17,9173,19,0
S92000003,Scotland,nation,2022-01-16,7095,23,3
S92000003,Scotland,nation,2022-01-15,5803,26,21
S92000003,Scotland,nation,2022-01-14,6514,21,41
S92000003,Scotland,nation,2022-01-13,7290,31,26
S92000003,Scotland,nation,2022-01-12,7683,18,21
S92000003,Scotland,nation,2022-01-11,8301,16,16
S92000003,Scotland,nation,2022-01-10,9404,20,0
S92000003,Scotland,nation,2022-01-09,7691,19,3
S92000003,Scotland,nation,2022-01-08,7292,16,26
S92000003,Scotland,nation,2022-01-07,9132,11,15
S92000003,Scotland,nation,2022-01-06,13901,19,18
S92000003,Scotland,nation,2022-01-05,22564,10,5
S92000003,Scotland,nation,2022-01-04,19852,20,1
S92000003,Scotland,nation,2022-01-03,19518,7,0
S92000003,Scotland,nation,2022-01-02,15692,8,0
S92000003,Scotland,nation,2022-01-01,7363,9,8
S92000003,Scotland,nation,2021-12-31,17772,9,13
S92000003,Scotland,nation,2021-12-30,22179,9,9
S92000003,Scotland,nation,2021-12-29,23539,9,3
S92000003,Scotland,nation,2021-12-28,19858,14,1
S92000003,Scotland,nation,2021-12-27,18761,9,0
S92000003,Scotland,nation,2021-12-26,7487,2,0
S92000003,Scotland,nation,2021-12-25,4849,8,10
S92000003,Scotland,nation,2021-12-24,9698,5,10
S92000003,Scotland,nation,2021-12-23,12413,5,11
S92000003,Scotland,nation,2021-12-22,11912,7,11
S92000003,Scotland,nation,2021-12-21,10540,9,9
S92000003,Scotland,nation,2021-12-20,8651,12,0
S92000003,Scotland,nation,2021-12-19,5607,7,1
S92000003,Scotland,nation,2021-12-18,5206,7,9
S92000003,Scotland,nation,2021-12-17,5879,6,7
S92000003,Scotland,nation,2021-12-16,6649,7,18
S92000003,Scotland,nation,2021-12-15,7218,6,22
S92000003,Scotland,nation,2021-12-14,6564,8,6
S92000003,Scotland,nation,2021-12-13,5793,6,0
S92000003,Scotland,nation,2021-12-12,3414,8,0
S92000003,Scotland,nation,2021-12-11,3319,8,12
S92000003,Scotland,nation,2021-12-10,3803,8,19
S92000003,Scotland,nation,2021-12-09,4072,9,16
S92000003,Scotland,nation,2021-12-08,4219,10,11
S92000003,Scotland,nation,2021-12-07,3811,18,12
S92000003,Scotland,nation,2021-12-06,3823,13,0
S92000003,Scotland,nation,2021-12-05,2530,8,1
S92000003,Scotland,nation,2021-12-04,2150,12,14
S92000003,Scotland,nation,2021-12-03,2666,8,16
S92000003,Scotland,nation,2021-12-02,2968,12,27
S92000003,Scotland,nation,2021-12-01,3127,13,19
S92000003,Scotland,nation,2021-11-30,3334,3,10
S92000003,Scotland,nation,2021-11-29,3478,12,0
S92000003,Scotland,nation,2021-11-28,2344,16,0
S92000003,Scotland,nation,2021-11-27,1898,13,17
S92000003,Scotland,nation,2021-11-26,2254,15,21
S92000003,Scotland,nation,2021-11-25,2511,10,20
S92000003,Scotland,nation,2021-11-24,2924,6,9
S92000003,Scotland,nation,2021-11-23,2918,11,17
S92000003,Scotland,nation,2021-11-22,3188,16,0
S92000003,Scotland,nation,2021-11-21,2187,9,0
S92000003,Scotland,nation,2021-11-20,2236,10,11
S92000003,Scotland,nation,2021-11-19,2804,9,19
S92000003,Scotland,nation,2021-11-18,3014,9,29
S92000003,Scotland,nation,2021-11-17,3341,12,13
S92000003,Scotland,nation,2021-11-16,3311,6,17
S92000003,Scotland,nation,2021-11-15,3681,19,0
S92000003,Scotland,nation,2021-11-14,2441,15,1
S92000003,Scotland,nation,2021-11-13,2334,10,13
S92000003,Scotland,nation,2021-11-12,2877,17,17
S92000003,Scotland,nation,2021-11-11,3242,8,26
S92000003,Scotland,nation,2021-11-10,3318,14,19
S92000003,Scotland,nation,2021-11-09,3484,6,20
S92000003,Scotland,nation,2021-11-08,3853,12,0
S92000003,Scotland,nation,2021-11-07,2312,14,2
S92000003,Scotland,nation,2021-11-06,2228,17,24
S92000003,Scotland,nation,2021-11-05,2792,17,25
S92000003,Scotland,nation,2021-11-04,2820,22,33
S92000003,Scotland,nation,2021-11-03,3007,16,20
S92000003,Scotland,nation,2021-11-02,3068,13,26
S92000003,Scotland,nation,2021-11-01,3323,27,0
S92000003,Scotland,nation,2021-10-31,2087,16,0
S92000003,Scotland,nation,2021-10-30,2047,16,20
S92000003,Scotland,nation,2021-10-29,2566,19,24
S92000003,Scotland,nation,2021-10-28,2526,20,20
S92000003,Scotland,nation,2021-10-27,2685,14,27
S92000003,Scotland,nation,2021-10-26,2946,19,20
S92000003,Scotland,nation,2021-10-25,3318,9,0
S92000003,Scotland,nation,2021-10-24,2335,21,21
S92000003,Scotland,nation,2021-10-23,2154,23,0
S92000003,Scotland,nation,2021-10-22,2463,16,19
S92000003,Scotland,nation,2021-10-21,2555,22,32
S92000003,Scotland,nation,2021-10-20,2863,16,26
S92000003,Scotland,nation,2021-10-19,2781,9,24
S92000003,Scotland,nation,2021-10-18,2982,15,0
S92000003,Scotland,nation,2021-10-17,2316,15,2
S92000003,Scotland,nation,2021-10-16,2161,18,21
S92000003,Scotland,nation,2021-10-15,2584,16,32
S92000003,Scotland,nation,2021-10-14,2695,20,29
S92000003,Scotland,nation,2021-10-13,2659,20,30
S92000003,Scotland,nation,2021-10-12,2644,16,27
S92000003,Scotland,nation,2021-10-11,2838,22,0
S92000003,Scotland,nation,2021-10-10,1892,14,1
S92000003,Scotland,nation,2021-10-09,2147,17,18
S92000003,Scotland,nation,2021-10-08,2302,14,16
S92000003,Scotland,nation,2021-10-07,2614,19,39
S92000003,Scotland,nation,2021-10-06,2658,13,34
S92000003,Scotland,nation,2021-10-05,2851,23,21
S92000003,Scotland,nation,2021-10-04,2970,14,0
S92000003,Scotland,nation,2021-10-03,1994,16,1
S92000003,Scotland,nation,2021-10-02,1873,23,17
S92000003,Scotland,nation,2021-10-01,2048,19,34
S92000003,Scotland,nation,2021-09-30,2377,16,35
S92000003,Scotland,nation,2021-09-29,2609,25,28
S92000003,Scotland,nation,2021-09-28,3207,16,16
S92000003,Scotland,nation,2021-09-27,3135,24,1
S92000003,Scotland,nation,2021-09-26,2151,21,2
S92000003,Scotland,nation,2021-09-25,2140,21,18
S92000003,Scotland,nation,2021-09-24,2717,22,50
S92000003,Scotland,nation,2021-09-23,3121,19,37
S92000003,Scotland,nation,2021-09-22,3515,31,31
S92000003,Scotland,nation,2021-09-21,3804,21,18
S92000003,Scotland,nation,2021-09-20,4014,21,0
S92000003,Scotland,nation,2021-09-19,2800,27,2
S92000003,Scotland,nation,2021-09-18,2615,21,27
S92000003,Scotland,nation,2021-09-17,3378,24,30
S92000003,Scotland,nation,2021-09-16,3575,16,26
S92000003,Scotland,nation,2021-09-15,4079,23,30
S92000003,Scotland,nation,2021-09-14,4785,20,21
S92000003,Scotland,nation,2021-09-13,5096,21,0
S92000003,Scotland,nation,2021-09-12,3374,22,0
S92000003,Scotland,nation,2021-09-11,3630,20,10
S92000003,Scotland,nation,2021-09-10,4786,25,22
S92000003,Scotland,nation,2021-09-09,5561,18,12
S92000003,Scotland,nation,2021-09-08,6258,10,17
S92000003,Scotland,nation,2021-09-07,6727,18,16
S92000003,Scotland,nation,2021-09-06,7136,10,0
S92000003,Scotland,nation,2021-09-05,4939,16,0
S92000003,Scotland,nation,2021-09-04,5030,10,11
S92000003,Scotland,nation,2021-09-03,6180,11,10
S92000003,Scotland,nation,2021-09-02,7622,11,17
S92000003,Scotland,nation,2021-09-01,7565,8,9
S92000003,Scotland,nation,2021-08-31,7031,11,7
S92000003,Scotland,nation,2021-08-30,6590,6,0
S92000003,Scotland,nation,2021-08-29,4468,8,0
S92000003,Scotland,nation,2021-08-28,4781,8,8
S92000003,Scotland,nation,2021-08-27,6076,11,4
S92000003,Scotland,nation,2021-08-26,7291,5,14
S92000003,Scotland,nation,2021-08-25,6893,6,5
S92000003,Scotland,nation,2021-08-24,5656,4,10
S92000003,Scotland,nation,2021-08-23,5562,8,0
S92000003,Scotland,nation,2021-08-22,3671,4,0
S92000003,Scotland,nation,2021-08-21,3058,5,3
S92000003,Scotland,nation,2021-08-20,3454,8,9
S92000003,Scotland,nation,2021-08-19,3745,7,7
S92000003,Scotland,nation,2021-08-18,3740,7,10
S92000003,Scotland,nation,2021-08-17,3401,4,9
S92000003,Scotland,nation,2021-08-16,2764,3,0
S92000003,Scotland,nation,2021-08-15,1637,6,0
S92000003,Scotland,nation,2021-08-14,1488,6,5
S92000003,Scotland,nation,2021-08-13,1534,10,8
S92000003,Scotland,nation,2021-08-12,1405,4,8
S92000003,Scotland,nation,2021-08-11,1588,3,10
S92000003,Scotland,nation,2021-08-10,1534,5,11
S92000003,Scotland,nation,2021-08-09,1505,6,0
S92000003,Scotland,nation,2021-08-08,1053,6,0
S92000003,Scotland,nation,2021-08-07,947,6,9
S92000003,Scotland,nation,2021-08-06,1266,7,7
S92000003,Scotland,nation,2021-08-05,1344,7,11
S92000003,Scotland,nation,2021-08-04,1307,6,13
S92000003,Scotland,nation,2021-08-03,1381,3,9
S92000003,Scotland,nation,2021-08-02,1331,7,1
S92000003,Scotland,nation,2021-08-01,878,10,3
S92000003,Scotland,nation,2021-07-31,771,6,9
S92000003,Scotland,nation,2021-07-30,1037,7,6
S92000003,Scotland,nation,2021-07-29,1183,6,13
S92000003,Scotland,nation,2021-07-28,1297,9,9
S92000003,Scotland,nation,2021-07-27,1370,8,7
S92000003,Scotland,nation,2021-07-26,1383,7,0
S92000003,Scotland,nation,2021-07-25,950,5,0
S92000003,Scotland,nation,2021-07-24,958,3,11
S92000003,Scotland,nation,2021-07-23,1285,8,6
S92000003,Scotland,nation,2021-07-22,1393,9,22
S92000003,Scotland,nation,2021-07-21,1582,8,7
S92000003,Scotland,nation,2021-07-20,1613,6,13
S92000003,Scotland,nation,2021-07-19,1921,9,0
S92000003,Scotland,nation,2021-07-18,1393,10,0
S92000003,Scotland,nation,2021-07-17,1406,7,4
S92000003,Scotland,nation,2021-07-16,1764,5,5
S92000003,Scotland,nation,2021-07-15,1976,7,19
S92000003,Scotland,nation,2021-07-14,2214,8,11
S92000003,Scotland,nation,2021-07-13,2459,10,4
S92000003,Scotland,nation,2021-07-12,2595,7,0
S92000003,Scotland,nation,2021-07-11,1894,6,0
S92000003,Scotland,nation,2021-07-10,1824,7,7
S92000003,Scotland,nation,2021-07-09,2398,7,6
S92000003,Scotland,nation,2021-07-08,2749,12,4
S92000003,Scotland,nation,2021-07-07,2921,5,5
S92000003,Scotland,nation,2021-07-06,3106,13,6
S92000003,Scotland,nation,2021-07-05,3410,5,0
S92000003,Scotland,nation,2021-07-04,2426,6,0
S92000003,Scotland,nation,2021-07-03,2526,4,3
S92000003,Scotland,nation,2021-07-02,3098,2,4
S92000003,Scotland,nation,2021-07-01,3463,2,6
S92000003,Scotland,nation,2021-06-30,3948,2,3
S92000003,Scotland,nation,2021-06-29,3903,3,1
S92000003,Scotland,nation,2021-06-28,3951,3,0
S92000003,Scotland,nation,2021-06-27,2524,3,1
S92000003,Scotland,nation,2021-06-26,2316,8,3
S92000003,Scotland,nation,2021-06-25,2640,1,2
S92000003,Scotland,nation,2021-06-24,2976,2,5
S92000003,Scotland,nation,2021-06-23,2932,1,5
S92000003,Scotland,nation,2021-06-22,3288,4,4
S92000003,Scotland,nation,2021-06-21,3061,2,0
S92000003,Scotland,nation,2021-06-20,1565,3,0
S92000003,Scotland,nation,2021-06-19,1005,2,2
S92000003,Scotland,nation,2021-06-18,1239,2,2
S92000003,Scotland,nation,2021-06-17,1176,1,4
S92000003,Scotland,nation,2021-06-16,1279,1,1
S92000003,Scotland,nation,2021-06-15,1288,6,2
S92000003,Scotland,nation,2021-06-14,1142,1,0
S92000003,Scotland,nation,2021-06-13,862,3,0
S92000003,Scotland,nation,2021-06-12,715,0,2
S92000003,Scotland,nation,2021-06-11,877,0,0
S92000003,Scotland,nation,2021-06-10,1054,2,1
S92000003,Scotland,nation,2021-06-09,1065,2,1
S92000003,Scotland,nation,2021-06-08,1042,0,0
S92000003,Scotland,nation,2021-06-07,962,1,0
S92000003,Scotland,nation,2021-06-06,686,1,0
S92000003,Scotland,nation,2021-06-05,615,0,1
S92000003,Scotland,nation,2021-06-04,833,2,2
S92000003,Scotland,nation,2021-06-03,957,2,4
S92000003,Scotland,nation,2021-06-02,964,1,1
S92000003,Scotland,nation,2021-06-01,786,0,0
S92000003,Scotland,nation,2021-05-31,609,0,1
S92000003,Scotland,nation,2021-05-30,491,1,0
S92000003,Scotland,nation,2021-05-29,438,2,0
S92000003,Scotland,nation,2021-05-28,550,1,2
S92000003,Scotland,nation,2021-05-27,561,1,0
S92000003,Scotland,nation,2021-05-26,632,1,0
S92000003,Scotland,nation,2021-05-25,514,0,2
S92000003,Scotland,nation,2021-05-24,504,0,0
S92000003,Scotland,nation,2021-05-23,330,1,0
S92000003,Scotland,nation,2021-05-22,296,2,0
S92000003,Scotland,nation,2021-05-21,363,1,0
S92000003,Scotland,nation,2021-05-20,389,0,0
S92000003,Scotland,nation,2021-05-19,416,0,0
S92000003,Scotland,nation,2021-05-18,420,0,0
S92000003,Scotland,nation,2021-05-17,367,1,0
S92000003,Scotland,nation,2021-05-16,237,0,0
S92000003,Scotland,nation,2021-05-15,230,0,0
S92000003,Scotland,nation,2021-05-14,299,0,2
S92000003,Scotland,nation,2021-05-13,317,0,1
S92000003,Scotland,nation,2021-05-12,303,2,0
S92000003,Scotland,nation,2021-05-11,285,0,0
S92000003,Scotland,nation,2021-05-10,335,0,0
S92000003,Scotland,nation,2021-05-09,214,0,0
S92000003,Scotland,nation,2021-05-08,187,0,0
S92000003,Scotland,nation,2021-05-07,208,0,1
S92000003,Scotland,nation,2021-05-06,219,1,0
S92000003,Scotland,nation,2021-05-05,225,0,0
S92000003,Scotland,nation,2021-05-04,198,0,0
S92000003,Scotland,nation,2021-05-03,164,0,0
S92000003,Scotland,nation,2021-05-02,124,1,0
S92000003,Scotland,nation,2021-05-01,128,0,1
S92000003,Scotland,nation,2021-04-30,178,0,0
S92000003,Scotland,nation,2021-04-29,177,1,5
S92000003,Scotland,nation,2021-04-28,198,1,1
S92000003,Scotland,nation,2021-04-27,201,2,1
S92000003,Scotland,nation,2021-04-26,199,1,0
S92000003,Scotland,nation,2021-04-25,111,2,1
S92000003,Scotland,nation,2021-04-24,153,0,4
S92000003,Scotland,nation,2021-04-23,196,2,1
S92000003,Scotland,nation,2021-04-22,236,0,3
S92000003,Scotland,nation,2021-04-21,237,3,1
S92000003,Scotland,nation,2021-04-20,247,1,2
S92000003,Scotland,nation,2021-04-19,268,1,0
S92000003,Scotland,nation,2021-04-18,175,0,0
S92000003,Scotland,nation,2021-04-17,204,1,2
S92000003,Scotland,nation,2021-04-16,224,1,3
S92000003,Scotland,nation,2021-04-15,200,2,1
S92000003,Scotland,nation,2021-04-14,216,3,3
S92000003,Scotland,nation,2021-04-13,268,0,3
S92000003,Scotland,nation,2021-04-12,262,0,0
S92000003,Scotland,nation,2021-04-11,214,2,0
S92000003,Scotland,nation,2021-04-10,231,3,4
S92000003,Scotland,nation,2021-04-09,270,2,6
S92000003,Scotland,nation,2021-04-08,285,2,1
S92000003,Scotland,nation,2021-04-07,288,2,5
S92000003,Scotland,nation,2021-04-06,359,2,0
S92000003,Scotland,nation,2021-04-05,303,4,0
S92000003,Scotland,nation,2021-04-04,258,1,0
S92000003,Scotland,nation,2021-04-03,280,2,0
S92000003,Scotland,nation,2021-04-02,358,2,4
S92000003,Scotland,nation,2021-04-01,419,1,8
S92000003,Scotland,nation,2021-03-31,396,2,6
S92000003,Scotland,nation,2021-03-30,399,2,12
S92000003,Scotland,nation,2021-03-29,517,5,0
S92000003,Scotland,nation,2021-03-28,358,5,0
S92000003,Scotland,nation,2021-03-27,387,5,6
S92000003,Scotland,nation,2021-03-26,478,5,6
S92000003,Scotland,nation,2021-03-25,576,7,10
S92000003,Scotland,nation,2021-03-24,547,4,3
S92000003,Scotland,nation,2021-03-23,607,3,7
S92000003,Scotland,nation,2021-03-22,687,3,0
S92000003,Scotland,nation,2021-03-21,465,4,0
S92000003,Scotland,nation,2021-03-20,459,5,8
S92000003,Scotland,nation,2021-03-19,547,6,8
S92000003,Scotland,nation,2021-03-18,556,3,7
S92000003,Scotland,nation,2021-03-17,603,8,12
S92000003,Scotland,nation,2021-03-16,575,11,7
S92000003,Scotland,nation,2021-03-15,688,1,0
S92000003,Scotland,nation,2021-03-14,447,7,2
S92000003,Scotland,nation,2021-03-13,466,4,8
S92000003,Scotland,nation,2021-03-12,584,6,17
S92000003,Scotland,nation,2021-03-11,665,8,22
S92000003,Scotland,nation,2021-03-10,628,5,20
S92000003,Scotland,nation,2021-03-09,658,10,19
S92000003,Scotland,nation,2021-03-08,594,15,1
S92000003,Scotland,nation,2021-03-07,436,10,0
S92000003,Scotland,nation,2021-03-06,484,10,12
S92000003,Scotland,nation,2021-03-05,467,8,11
S92000003,Scotland,nation,2021-03-04,563,14,24
S92000003,Scotland,nation,2021-03-03,496,11,35
S92000003,Scotland,nation,2021-03-02,522,12,33
S92000003,Scotland,nation,2021-03-01,555,20,0
S92000003,Scotland,nation,2021-02-28,431,9,2
S92000003,Scotland,nation,2021-02-27,418,19,18
S92000003,Scotland,nation,2021-02-26,526,16,27
S92000003,Scotland,nation,2021-02-25,633,20,31
S92000003,Scotland,nation,2021-02-24,702,18,47
S92000003,Scotland,nation,2021-02-23,693,16,56
S92000003,Scotland,nation,2021-02-22,790,22,0
S92000003,Scotland,nation,2021-02-21,610,20,5
S92000003,Scotland,nation,2021-02-20,665,28,29
S92000003,Scotland,nation,2021-02-19,893,46,31
S92000003,Scotland,nation,2021-02-18,881,35,57
S92000003,Scotland,nation,2021-02-17,828,28,64
S92000003,Scotland,nation,2021-02-16,920,26,49
S92000003,Scotland,nation,2021-02-15,968,34,0
S92000003,Scotland,nation,2021-02-14,683,32,4
S92000003,Scotland,nation,2021-02-13,544,32,45
S92000003,Scotland,nation,2021-02-12,907,41,67
S92000003,Scotland,nation,2021-02-11,847,35,48
S92000003,Scotland,nation,2021-02-10,848,37,50
S92000003,Scotland,nation,2021-02-09,760,49,58
S92000003,Scotland,nation,2021-02-08,992,40,5
S92000003,Scotland,nation,2021-02-07,656,42,7
S92000003,Scotland,nation,2021-02-06,710,50,48
S92000003,Scotland,nation,2021-02-05,940,44,61
S92000003,Scotland,nation,2021-02-04,901,32,53
S92000003,Scotland,nation,2021-02-03,939,48,88
S92000003,Scotland,nation,2021-02-02,1051,44,69
S92000003,Scotland,nation,2021-02-01,1104,43,6
S92000003,Scotland,nation,2021-01-31,810,48,6
S92000003,Scotland,nation,2021-01-30,781,44,60
S92000003,Scotland,nation,2021-01-29,965,59,70
S92000003,Scotland,nation,2021-01-28,1117,46,82
S92000003,Scotland,nation,2021-01-27,1118,61,92
S92000003,Scotland,nation,2021-01-26,1182,50,87
S92000003,Scotland,nation,2021-01-25,1326,52,4
S92000003,Scotland,nation,2021-01-24,862,70,1
S92000003,Scotland,nation,2021-01-23,940,53,76
S92000003,Scotland,nation,2021-01-22,1231,68,71
S92000003,Scotland,nation,2021-01-21,1244,56,89
S92000003,Scotland,nation,2021-01-20,1582,66,92
S92000003,Scotland,nation,2021-01-19,1554,70,71
S92000003,Scotland,nation,2021-01-18,1744,64,0
S92000003,Scotland,nation,2021-01-17,1201,43,0
S92000003,Scotland,nation,2021-01-16,1178,76,78
S92000003,Scotland,nation,2021-01-15,1538,58,61
S92000003,Scotland,nation,2021-01-14,1629,59,64
S92000003,Scotland,nation,2021-01-13,1716,51,79
S92000003,Scotland,nation,2021-01-12,1991,51,54
S92000003,Scotland,nation,2021-01-11,2092,48,1
S92000003,Scotland,nation,2021-01-10,1425,59,3
S92000003,Scotland,nation,2021-01-09,1499,38,93
S92000003,Scotland,nation,2021-01-08,1826,42,93
S92000003,Scotland,nation,2021-01-07,2201,44,78
S92000003,Scotland,nation,2021-01-06,2550,50,68
S92000003,Scotland,nation,2021-01-05,3054,40,11
S92000003,Scotland,nation,2021-01-04,2383,37,0
S92000003,Scotland,nation,2021-01-03,2221,42,1
S92000003,Scotland,nation,2021-01-02,2213,42,0
S92000003,Scotland,nation,2021-01-01,1161,35,43
S92000003,Scotland,nation,2020-12-31,2379,44,68
S92000003,Scotland,nation,2020-12-30,2974,32,43
S92000003,Scotland,nation,2020-12-29,3137,27,7
S92000003,Scotland,nation,2020-12-28,1809,31,0
S92000003,Scotland,nation,2020-12-27,1682,34,1
S92000003,Scotland,nation,2020-12-26,1050,34,0
S92000003,Scotland,nation,2020-12-25,516,35,43
S92000003,Scotland,nation,2020-12-24,1018,36,43
S92000003,Scotland,nation,2020-12-23,1315,35,47
S92000003,Scotland,nation,2020-12-22,1330,28,43
S92000003,Scotland,nation,2020-12-21,1304,25,0
S92000003,Scotland,nation,2020-12-20,813,29,3
S92000003,Scotland,nation,2020-12-19,748,27,41
S92000003,Scotland,nation,2020-12-18,921,23,36
S92000003,Scotland,nation,2020-12-17,913,36,30
S92000003,Scotland,nation,2020-12-16,1028,31,38
S92000003,Scotland,nation,2020-12-15,1031,32,24
S92000003,Scotland,nation,2020-12-14,1082,31,0
S92000003,Scotland,nation,2020-12-13,719,26,2
S92000003,Scotland,nation,2020-12-12,681,23,39
S92000003,Scotland,nation,2020-12-11,875,20,30
S92000003,Scotland,nation,2020-12-10,904,24,50
S92000003,Scotland,nation,2020-12-09,1015,23,39
S92000003,Scotland,nation,2020-12-08,1048,28,33
S92000003,Scotland,nation,2020-12-07,955,29,1
S92000003,Scotland,nation,2020-12-06,643,29,5
S92000003,Scotland,nation,2020-12-05,667,19,22
S92000003,Scotland,nation,2020-12-04,650,29,41
S92000003,Scotland,nation,2020-12-03,807,36,51
S92000003,Scotland,nation,2020-12-02,952,20,38
S92000003,Scotland,nation,2020-12-01,935,27,34
S92000003,Scotland,nation,2020-11-30,976,32,3
S92000003,Scotland,nation,2020-11-29,558,28,2
S92000003,Scotland,nation,2020-11-28,572,41,44
S92000003,Scotland,nation,2020-11-27,738,24,37
S92000003,Scotland,nation,2020-11-26,807,23,51
S92000003,Scotland,nation,2020-11-25,932,32,44
S92000003,Scotland,nation,2020-11-24,996,30,41
S92000003,Scotland,nation,2020-11-23,1158,31,0
S92000003,Scotland,nation,2020-11-22,709,36,7
S92000003,Scotland,nation,2020-11-21,764,33,37
S92000003,Scotland,nation,2020-11-20,861,29,32
S92000003,Scotland,nation,2020-11-19,985,26,50
S92000003,Scotland,nation,2020-11-18,1115,24,54
S92000003,Scotland,nation,2020-11-17,1227,36,37
S92000003,Scotland,nation,2020-11-16,1278,33,6
S92000003,Scotland,nation,2020-11-15,818,35,0
S92000003,Scotland,nation,2020-11-14,905,41,36
S92000003,Scotland,nation,2020-11-13,1055,38,56
S92000003,Scotland,nation,2020-11-12,1196,32,45
S92000003,Scotland,nation,2020-11-11,1249,37,64
S92000003,Scotland,nation,2020-11-10,1289,36,39
S92000003,Scotland,nation,2020-11-09,1296,42,1
S92000003,Scotland,nation,2020-11-08,874,36,3
S92000003,Scotland,nation,2020-11-07,842,37,39
S92000003,Scotland,nation,2020-11-06,1136,27,31
S92000003,Scotland,nation,2020-11-05,1298,41,39
S92000003,Scotland,nation,2020-11-04,1302,19,50
S92000003,Scotland,nation,2020-11-03,1392,35,28
S92000003,Scotland,nation,2020-11-02,1476,30,0
S92000003,Scotland,nation,2020-11-01,969,35,6
S92000003,Scotland,nation,2020-10-31,742,24,24
S92000003,Scotland,nation,2020-10-30,1089,35,28
S92000003,Scotland,nation,2020-10-29,1100,29,37
S92000003,Scotland,nation,2020-10-28,1267,29,28
S92000003,Scotland,nation,2020-10-27,1307,16,25
S92000003,Scotland,nation,2020-10-26,1345,31,1
S92000003,Scotland,nation,2020-10-25,941,23,1
S92000003,Scotland,nation,2020-10-24,953,20,11
S92000003,Scotland,nation,2020-10-23,1282,18,18
S92000003,Scotland,nation,2020-10-22,1493,17,17
S92000003,Scotland,nation,2020-10-21,1579,11,28
S92000003,Scotland,nation,2020-10-20,1690,19,15
S92000003,Scotland,nation,2020-10-19,1359,16,1
S92000003,Scotland,nation,2020-10-18,834,22,0
S92000003,Scotland,nation,2020-10-17,855,10,15
S92000003,Scotland,nation,2020-10-16,1254,20,9
S92000003,Scotland,nation,2020-10-15,1294,16,13
S92000003,Scotland,nation,2020-10-14,1297,6,15
S92000003,Scotland,nation,2020-10-13,1421,12,7
S92000003,Scotland,nation,2020-10-12,1355,8,0
S92000003,Scotland,nation,2020-10-11,960,11,0
S92000003,Scotland,nation,2020-10-10,942,11,6
S92000003,Scotland,nation,2020-10-09,1095,6,6
S92000003,Scotland,nation,2020-10-08,1171,11,5
S92000003,Scotland,nation,2020-10-07,1253,9,1
S92000003,Scotland,nation,2020-10-06,1192,4,2
S92000003,Scotland,nation,2020-10-05,1099,2,0
S92000003,Scotland,nation,2020-10-04,742,3,0
S92000003,Scotland,nation,2020-10-03,695,3,4
S92000003,Scotland,nation,2020-10-02,818,1,4
S92000003,Scotland,nation,2020-10-01,778,5,3
S92000003,Scotland,nation,2020-09-30,794,4,7
S92000003,Scotland,nation,2020-09-29,659,1,0
S92000003,Scotland,nation,2020-09-28,624,3,0
S92000003,Scotland,nation,2020-09-27,358,2,1
S92000003,Scotland,nation,2020-09-26,434,2,0
S92000003,Scotland,nation,2020-09-25,579,1,1
S92000003,Scotland,nation,2020-09-24,715,2,2
S92000003,Scotland,nation,2020-09-23,568,3,2
S92000003,Scotland,nation,2020-09-22,493,2,1
S92000003,Scotland,nation,2020-09-21,455,2,0
S92000003,Scotland,nation,2020-09-20,315,3,0
S92000003,Scotland,nation,2020-09-19,232,0,3
S92000003,Scotland,nation,2020-09-18,269,2,1
S92000003,Scotland,nation,2020-09-17,254,1,0
S92000003,Scotland,nation,2020-09-16,269,0,1
S92000003,Scotland,nation,2020-09-15,227,0,1
S92000003,Scotland,nation,2020-09-14,177,3,0
S92000003,Scotland,nation,2020-09-13,168,1,0
S92000003,Scotland,nation,2020-09-12,208,0,0
S92000003,Scotland,nation,2020-09-11,210,0,0
S92000003,Scotland,nation,2020-09-10,216,0,0
S92000003,Scotland,nation,2020-09-09,222,0,0
S92000003,Scotland,nation,2020-09-08,104,0,3
S92000003,Scotland,nation,2020-09-07,168,0,0
S92000003,Scotland,nation,2020-09-06,153,0,0
S92000003,Scotland,nation,2020-09-05,136,0,0
S92000003,Scotland,nation,2020-09-04,171,1,0
S92000003,Scotland,nation,2020-09-03,201,1,1
S92000003,Scotland,nation,2020-09-02,192,1,1
S92000003,Scotland,nation,2020-09-01,199,0,0
S92000003,Scotland,nation,2020-08-31,144,0,0
S92000003,Scotland,nation,2020-08-30,102,0,0
S92000003,Scotland,nation,2020-08-29,95,0,0
S92000003,Scotland,nation,2020-08-28,104,1,0
S92000003,Scotland,nation,2020-08-27,100,0,0
S92000003,Scotland,nation,2020-08-26,98,0,2
S92000003,Scotland,nation,2020-08-25,71,0,0
S92000003,Scotland,nation,2020-08-24,60,0,0
S92000003,Scotland,nation,2020-08-23,65,1,0
S92000003,Scotland,nation,2020-08-22,47,1,0
S92000003,Scotland,nation,2020-08-21,90,0,0
S92000003,Scotland,nation,2020-08-20,141,0,0
S92000003,Scotland,nation,2020-08-19,91,1,1
S92000003,Scotland,nation,2020-08-18,78,0,0
S92000003,Scotland,nation,2020-08-17,72,0,0
S92000003,Scotland,nation,2020-08-16,30,0,0
S92000003,Scotland,nation,2020-08-15,21,0,0
S92000003,Scotland,nation,2020-08-14,51,0,0
S92000003,Scotland,nation,2020-08-13,53,0,0
S92000003,Scotland,nation,2020-08-12,48,0,0
S92000003,Scotland,nation,2020-08-11,65,0,0
S92000003,Scotland,nation,2020-08-10,58,0,0
S92000003,Scotland,nation,2020-08-09,26,0,0
S92000003,Scotland,nation,2020-08-08,27,0,0
S92000003,Scotland,nation,2020-08-07,46,0,0
S92000003,Scotland,nation,2020-08-06,63,0,0
S92000003,Scotland,nation,2020-08-05,65,0,0
S92000003,Scotland,nation,2020-08-04,57,0,0
S92000003,Scotland,nation,2020-08-03,60,0,0
S92000003,Scotland,nation,2020-08-02,19,0,0
S92000003,Scotland,nation,2020-08-01,23,0,0
S92000003,Scotland,nation,2020-07-31,21,0,0
S92000003,Scotland,nation,2020-07-30,28,0,0
S92000003,Scotland,nation,2020-07-29,30,0,0
S92000003,Scotland,nation,2020-07-28,24,0,0
S92000003,Scotland,nation,2020-07-27,13,0,0
S92000003,Scotland,nation,2020-07-26,7,0,0
S92000003,Scotland,nation,2020-07-25,3,1,0
S92000003,Scotland,nation,2020-07-24,11,0,0
S92000003,Scotland,nation,2020-07-23,23,0,0
S92000003,Scotland,nation,2020-07-22,18,0,0
S92000003,Scotland,nation,2020-07-21,19,0,0
S92000003,Scotland,nation,2020-07-20,14,0,0
S92000003,Scotland,nation,2020-07-19,17,0,0
S92000003,Scotland,nation,2020-07-18,14,0,0
S92000003,Scotland,nation,2020-07-17,8,0,0
S92000003,Scotland,nation,2020-07-16,22,0,1
S92000003,Scotland,nation,2020-07-15,16,0,0
S92000003,Scotland,nation,2020-07-14,10,0,0
S92000003,Scotland,nation,2020-07-13,19,0,0
S92000003,Scotland,nation,2020-07-12,2,0,0
S92000003,Scotland,nation,2020-07-11,9,0,0
S92000003,Scotland,nation,2020-07-10,12,0,0
S92000003,Scotland,nation,2020-07-09,8,0,0
S92000003,Scotland,nation,2020-07-08,10,0,1
S92000003,Scotland,nation,2020-07-07,11,0,1
S92000003,Scotland,nation,2020-07-06,8,0,0
S92000003,Scotland,nation,2020-07-05,2,1,0
S92000003,Scotland,nation,2020-07-04,5,0,0
S92000003,Scotland,nation,2020-07-03,7,1,1
S92000003,Scotland,nation,2020-07-02,13,0,1
S92000003,Scotland,nation,2020-07-01,11,0,1
S92000003,Scotland,nation,2020-06-30,8,0,3
S92000003,Scotland,nation,2020-06-29,14,1,0
S92000003,Scotland,nation,2020-06-28,3,1,0
S92000003,Scotland,nation,2020-06-27,4,4,0
S92000003,Scotland,nation,2020-06-26,6,0,0
S92000003,Scotland,nation,2020-06-25,19,0,2
S92000003,Scotland,nation,2020-06-24,8,1,4
S92000003,Scotland,nation,2020-06-23,20,1,4
S92000003,Scotland,nation,2020-06-22,10,3,0
S92000003,Scotland,nation,2020-06-21,9,2,0
S92000003,Scotland,nation,2020-06-20,6,3,2
S92000003,Scotland,nation,2020-06-19,24,0,6
S92000003,Scotland,nation,2020-06-18,14,3,2
S92000003,Scotland,nation,2020-06-17,33,3,9
S92000003,Scotland,nation,2020-06-16,17,6,5
S92000003,Scotland,nation,2020-06-15,21,3,0
S92000003,Scotland,nation,2020-06-14,13,4,1
S92000003,Scotland,nation,2020-06-13,22,3,5
S92000003,Scotland,nation,2020-06-12,30,2,3
S92000003,Scotland,nation,2020-06-11,22,2,5
S92000003,Scotland,nation,2020-06-10,29,5,12
S92000003,Scotland,nation,2020-06-09,27,1,7
S92000003,Scotland,nation,2020-06-08,18,6,0
S92000003,Scotland,nation,2020-06-07,17,7,0
S92000003,Scotland,nation,2020-06-06,22,3,6
S92000003,Scotland,nation,2020-06-05,24,9,14
S92000003,Scotland,nation,2020-06-04,35,1,9
S92000003,Scotland,nation,2020-06-03,34,8,11
S92000003,Scotland,nation,2020-06-02,46,6,12
S92000003,Scotland,nation,2020-06-01,38,3,1
S92000003,Scotland,nation,2020-05-31,23,6,9
S92000003,Scotland,nation,2020-05-30,40,6,22
S92000003,Scotland,nation,2020-05-29,30,11,15
S92000003,Scotland,nation,2020-05-28,55,16,12
S92000003,Scotland,nation,2020-05-27,66,16,13
S92000003,Scotland,nation,2020-05-26,478,14,18
S92000003,Scotland,nation,2020-05-25,96,14,3
S92000003,Scotland,nation,2020-05-24,53,8,9
S92000003,Scotland,nation,2020-05-23,50,11,16
S92000003,Scotland,nation,2020-05-22,91,17,24
S92000003,Scotland,nation,2020-05-21,111,24,37
S92000003,Scotland,nation,2020-05-20,121,22,50
S92000003,Scotland,nation,2020-05-19,182,28,29
S92000003,Scotland,nation,2020-05-18,141,23,2
S92000003,Scotland,nation,2020-05-17,93,26,9
S92000003,Scotland,nation,2020-05-16,103,29,41
S92000003,Scotland,nation,2020-05-15,151,26,46
S92000003,Scotland,nation,2020-05-14,211,35,34
S92000003,Scotland,nation,2020-05-13,198,42,61
S92000003,Scotland,nation,2020-05-12,230,31,50
S92000003,Scotland,nation,2020-05-11,265,32,5
S92000003,Scotland,nation,2020-05-10,153,28,10
S92000003,Scotland,nation,2020-05-09,180,34,36
S92000003,Scotland,nation,2020-05-08,258,34,49
S92000003,Scotland,nation,2020-05-07,297,40,59
S92000003,Scotland,nation,2020-05-06,307,43,83
S92000003,Scotland,nation,2020-05-05,288,50,44
S92000003,Scotland,nation,2020-05-04,329,40,5
S92000003,Scotland,nation,2020-05-03,188,37,12
S92000003,Scotland,nation,2020-05-02,222,44,44
S92000003,Scotland,nation,2020-05-01,375,48,40
S92000003,Scotland,nation,2020-04-30,337,43,60
S92000003,Scotland,nation,2020-04-29,431,38,83
S92000003,Scotland,nation,2020-04-28,383,40,70
S92000003,Scotland,nation,2020-04-27,434,60,13
S92000003,Scotland,nation,2020-04-26,171,43,18
S92000003,Scotland,nation,2020-04-25,184,48,47
S92000003,Scotland,nation,2020-04-24,306,38,64
S92000003,Scotland,nation,2020-04-23,314,49,58
S92000003,Scotland,nation,2020-04-22,340,46,77
S92000003,Scotland,nation,2020-04-21,400,51,70
S92000003,Scotland,nation,2020-04-20,348,61,12
S92000003,Scotland,nation,2020-04-19,159,46,10
S92000003,Scotland,nation,2020-04-18,264,52,56
S92000003,Scotland,nation,2020-04-17,394,38,58
S92000003,Scotland,nation,2020-04-16,428,43,80
S92000003,Scotland,nation,2020-04-15,331,42,84
S92000003,Scotland,nation,2020-04-14,346,51,40
S92000003,Scotland,nation,2020-04-13,359,41,9
S92000003,Scotland,nation,2020-04-12,220,48,24
S92000003,Scotland,nation,2020-04-11,185,50,47
S92000003,Scotland,nation,2020-04-10,329,58,48
S92000003,Scotland,nation,2020-04-09,304,66,81
S92000003,Scotland,nation,2020-04-08,343,54,70
S92000003,Scotland,nation,2020-04-07,352,49,74
S92000003,Scotland,nation,2020-04-06,404,63,2
S92000003,Scotland,nation,2020-04-05,225,47,2
S92000003,Scotland,nation,2020-04-04,261,28,46
S92000003,Scotland,nation,2020-04-03,381,58,46
S92000003,Scotland,nation,2020-04-02,351,36,29
S92000003,Scotland,nation,2020-04-01,389,46,28
S92000003,Scotland,nation,2020-03-31,341,38,22
S92000003,Scotland,nation,2020-03-30,317,30,6
S92000003,Scotland,nation,2020-03-29,197,20,1
S92000003,Scotland,nation,2020-03-28,204,29,7
S92000003,Scotland,nation,2020-03-27,274,11,8
S92000003,Scotland,nation,2020-03-26,223,12,3
S92000003,Scotland,nation,2020-03-25,188,11,6
S92000003,Scotland,nation,2020-03-24,167,7,2
S92000003,Scotland,nation,2020-03-23,138,4,4
S92000003,Scotland,nation,2020-03-22,74,5,3
S92000003,Scotland,nation,2020-03-21,67,6,1
S92000003,Scotland,nation,2020-03-20,84,5,0
S92000003,Scotland,nation,2020-03-19,50,3,3
S92000003,Scotland,nation,2020-03-18,41,0,1
S92000003,Scotland,nation,2020-03-17,43,2,1
S92000003,Scotland,nation,2020-03-16,21,1,0
S92000003,Scotland,nation,2020-03-15,12,0,0
S92000003,Scotland,nation,2020-03-14,19,2,1
S92000003,Scotland,nation,2020-03-13,48,0,
S92000003,Scotland,nation,2020-03-12,38,1,
S92000003,Scotland,nation,2020-03-11,25,,
S92000003,Scotland,nation,2020-03-10,21,,
S92000003,Scotland,nation,2020-03-09,16,,
S92000003,Scotland,nation,2020-03-08,3,,
S92000003,Scotland,nation,2020-03-07,6,,
S92000003,Scotland,nation,2020-03-06,6,,
S92000003,Scotland,nation,2020-03-05,2,,
S92000003,Scotland,nation,2020-03-04,6,,
S92000003,Scotland,nation,2020-03-03,3,,
S92000003,Scotland,nation,2020-03-02,1,,
S92000003,Scotland,nation,2020-03-01,2,,
S92000003,Scotland,nation,2020-02-29,0,,
S92000003,Scotland,nation,2020-02-28,1,,
